coil_id	coil_type	point_index	x_m	y_m	z_m
TF_00	TF	0	0.305000	0.000000	0.000000
TF_00	TF	1	0.304963	0.000000	0.002356
TF_00	TF	2	0.304852	0.000000	0.004709
TF_00	TF	3	0.304667	0.000000	0.007058
TF_00	TF	4	0.304409	0.000000	0.009400
TF_00	TF	5	0.304077	0.000000	0.011733
TF_00	TF	6	0.303672	0.000000	0.014054
TF_00	TF	7	0.303194	0.000000	0.016361
TF_00	TF	8	0.302644	0.000000	0.018652
TF_00	TF	9	0.302022	0.000000	0.020924
TF_00	TF	10	0.301329	0.000000	0.023176
TF_00	TF	11	0.300566	0.000000	0.025405
TF_00	TF	12	0.299733	0.000000	0.027609
TF_00	TF	13	0.298832	0.000000	0.029786
TF_00	TF	14	0.297862	0.000000	0.031933
TF_00	TF	15	0.296825	0.000000	0.034049
TF_00	TF	16	0.295723	0.000000	0.036132
TF_00	TF	17	0.294556	0.000000	0.038178
TF_00	TF	18	0.293325	0.000000	0.040187
TF_00	TF	19	0.292031	0.000000	0.042156
TF_00	TF	20	0.290676	0.000000	0.044084
TF_00	TF	21	0.289262	0.000000	0.045968
TF_00	TF	22	0.287788	0.000000	0.047807
TF_00	TF	23	0.286258	0.000000	0.049598
TF_00	TF	24	0.284673	0.000000	0.051341
TF_00	TF	25	0.283033	0.000000	0.053033
TF_00	TF	26	0.281341	0.000000	0.054673
TF_00	TF	27	0.279598	0.000000	0.056258
TF_00	TF	28	0.277807	0.000000	0.057788
TF_00	TF	29	0.275968	0.000000	0.059262
TF_00	TF	30	0.274084	0.000000	0.060676
TF_00	TF	31	0.272156	0.000000	0.062031
TF_00	TF	32	0.270187	0.000000	0.063325
TF_00	TF	33	0.268178	0.000000	0.064556
TF_00	TF	34	0.266132	0.000000	0.065723
TF_00	TF	35	0.264049	0.000000	0.066825
TF_00	TF	36	0.261933	0.000000	0.067862
TF_00	TF	37	0.259786	0.000000	0.068832
TF_00	TF	38	0.257609	0.000000	0.069733
TF_00	TF	39	0.255405	0.000000	0.070566
TF_00	TF	40	0.253176	0.000000	0.071329
TF_00	TF	41	0.250924	0.000000	0.072022
TF_00	TF	42	0.248652	0.000000	0.072644
TF_00	TF	43	0.246361	0.000000	0.073194
TF_00	TF	44	0.244054	0.000000	0.073672
TF_00	TF	45	0.241733	0.000000	0.074077
TF_00	TF	46	0.239400	0.000000	0.074409
TF_00	TF	47	0.237058	0.000000	0.074667
TF_00	TF	48	0.234709	0.000000	0.074852
TF_00	TF	49	0.232356	0.000000	0.074963
TF_00	TF	50	0.230000	0.000000	0.075000
TF_00	TF	51	0.227644	0.000000	0.074963
TF_00	TF	52	0.225291	0.000000	0.074852
TF_00	TF	53	0.222942	0.000000	0.074667
TF_00	TF	54	0.220600	0.000000	0.074409
TF_00	TF	55	0.218267	0.000000	0.074077
TF_00	TF	56	0.215946	0.000000	0.073672
TF_00	TF	57	0.213639	0.000000	0.073194
TF_00	TF	58	0.211348	0.000000	0.072644
TF_00	TF	59	0.209076	0.000000	0.072022
TF_00	TF	60	0.206824	0.000000	0.071329
TF_00	TF	61	0.204595	0.000000	0.070566
TF_00	TF	62	0.202391	0.000000	0.069733
TF_00	TF	63	0.200214	0.000000	0.068832
TF_00	TF	64	0.198067	0.000000	0.067862
TF_00	TF	65	0.195951	0.000000	0.066825
TF_00	TF	66	0.193868	0.000000	0.065723
TF_00	TF	67	0.191822	0.000000	0.064556
TF_00	TF	68	0.189813	0.000000	0.063325
TF_00	TF	69	0.187844	0.000000	0.062031
TF_00	TF	70	0.185916	0.000000	0.060676
TF_00	TF	71	0.184032	0.000000	0.059262
TF_00	TF	72	0.182193	0.000000	0.057788
TF_00	TF	73	0.180402	0.000000	0.056258
TF_00	TF	74	0.178659	0.000000	0.054673
TF_00	TF	75	0.176967	0.000000	0.053033
TF_00	TF	76	0.175327	0.000000	0.051341
TF_00	TF	77	0.173742	0.000000	0.049598
TF_00	TF	78	0.172212	0.000000	0.047807
TF_00	TF	79	0.170738	0.000000	0.045968
TF_00	TF	80	0.169324	0.000000	0.044084
TF_00	TF	81	0.167969	0.000000	0.042156
TF_00	TF	82	0.166675	0.000000	0.040187
TF_00	TF	83	0.165444	0.000000	0.038178
TF_00	TF	84	0.164277	0.000000	0.036132
TF_00	TF	85	0.163175	0.000000	0.034049
TF_00	TF	86	0.162138	0.000000	0.031933
TF_00	TF	87	0.161168	0.000000	0.029786
TF_00	TF	88	0.160267	0.000000	0.027609
TF_00	TF	89	0.159434	0.000000	0.025405
TF_00	TF	90	0.158671	0.000000	0.023176
TF_00	TF	91	0.157978	0.000000	0.020924
TF_00	TF	92	0.157356	0.000000	0.018652
TF_00	TF	93	0.156806	0.000000	0.016361
TF_00	TF	94	0.156328	0.000000	0.014054
TF_00	TF	95	0.155923	0.000000	0.011733
TF_00	TF	96	0.155591	0.000000	0.009400
TF_00	TF	97	0.155333	0.000000	0.007058
TF_00	TF	98	0.155148	0.000000	0.004709
TF_00	TF	99	0.155037	0.000000	0.002356
TF_00	TF	100	0.155000	0.000000	-0.000000
TF_00	TF	101	0.155037	0.000000	-0.002356
TF_00	TF	102	0.155148	0.000000	-0.004709
TF_00	TF	103	0.155333	0.000000	-0.007058
TF_00	TF	104	0.155591	0.000000	-0.009400
TF_00	TF	105	0.155923	0.000000	-0.011733
TF_00	TF	106	0.156328	0.000000	-0.014054
TF_00	TF	107	0.156806	0.000000	-0.016361
TF_00	TF	108	0.157356	0.000000	-0.018652
TF_00	TF	109	0.157978	0.000000	-0.020924
TF_00	TF	110	0.158671	0.000000	-0.023176
TF_00	TF	111	0.159434	0.000000	-0.025405
TF_00	TF	112	0.160267	0.000000	-0.027609
TF_00	TF	113	0.161168	0.000000	-0.029786
TF_00	TF	114	0.162138	0.000000	-0.031933
TF_00	TF	115	0.163175	0.000000	-0.034049
TF_00	TF	116	0.164277	0.000000	-0.036132
TF_00	TF	117	0.165444	0.000000	-0.038178
TF_00	TF	118	0.166675	0.000000	-0.040187
TF_00	TF	119	0.167969	0.000000	-0.042156
TF_00	TF	120	0.169324	0.000000	-0.044084
TF_00	TF	121	0.170738	0.000000	-0.045968
TF_00	TF	122	0.172212	0.000000	-0.047807
TF_00	TF	123	0.173742	0.000000	-0.049598
TF_00	TF	124	0.175327	0.000000	-0.051341
TF_00	TF	125	0.176967	0.000000	-0.053033
TF_00	TF	126	0.178659	0.000000	-0.054673
TF_00	TF	127	0.180402	0.000000	-0.056258
TF_00	TF	128	0.182193	0.000000	-0.057788
TF_00	TF	129	0.184032	0.000000	-0.059262
TF_00	TF	130	0.185916	0.000000	-0.060676
TF_00	TF	131	0.187844	0.000000	-0.062031
TF_00	TF	132	0.189813	0.000000	-0.063325
TF_00	TF	133	0.191822	0.000000	-0.064556
TF_00	TF	134	0.193868	0.000000	-0.065723
TF_00	TF	135	0.195951	0.000000	-0.066825
TF_00	TF	136	0.198067	0.000000	-0.067862
TF_00	TF	137	0.200214	0.000000	-0.068832
TF_00	TF	138	0.202391	0.000000	-0.069733
TF_00	TF	139	0.204595	0.000000	-0.070566
TF_00	TF	140	0.206824	0.000000	-0.071329
TF_00	TF	141	0.209076	0.000000	-0.072022
TF_00	TF	142	0.211348	0.000000	-0.072644
TF_00	TF	143	0.213639	0.000000	-0.073194
TF_00	TF	144	0.215946	0.000000	-0.073672
TF_00	TF	145	0.218267	0.000000	-0.074077
TF_00	TF	146	0.220600	0.000000	-0.074409
TF_00	TF	147	0.222942	0.000000	-0.074667
TF_00	TF	148	0.225291	0.000000	-0.074852
TF_00	TF	149	0.227644	0.000000	-0.074963
TF_00	TF	150	0.230000	0.000000	-0.075000
TF_00	TF	151	0.232356	0.000000	-0.074963
TF_00	TF	152	0.234709	0.000000	-0.074852
TF_00	TF	153	0.237058	0.000000	-0.074667
TF_00	TF	154	0.239400	0.000000	-0.074409
TF_00	TF	155	0.241733	0.000000	-0.074077
TF_00	TF	156	0.244054	0.000000	-0.073672
TF_00	TF	157	0.246361	0.000000	-0.073194
TF_00	TF	158	0.248652	0.000000	-0.072644
TF_00	TF	159	0.250924	0.000000	-0.072022
TF_00	TF	160	0.253176	0.000000	-0.071329
TF_00	TF	161	0.255405	0.000000	-0.070566
TF_00	TF	162	0.257609	0.000000	-0.069733
TF_00	TF	163	0.259786	0.000000	-0.068832
TF_00	TF	164	0.261933	0.000000	-0.067862
TF_00	TF	165	0.264049	0.000000	-0.066825
TF_00	TF	166	0.266132	0.000000	-0.065723
TF_00	TF	167	0.268178	0.000000	-0.064556
TF_00	TF	168	0.270187	0.000000	-0.063325
TF_00	TF	169	0.272156	0.000000	-0.062031
TF_00	TF	170	0.274084	0.000000	-0.060676
TF_00	TF	171	0.275968	0.000000	-0.059262
TF_00	TF	172	0.277807	0.000000	-0.057788
TF_00	TF	173	0.279598	0.000000	-0.056258
TF_00	TF	174	0.281341	0.000000	-0.054673
TF_00	TF	175	0.283033	0.000000	-0.053033
TF_00	TF	176	0.284673	0.000000	-0.051341
TF_00	TF	177	0.286258	0.000000	-0.049598
TF_00	TF	178	0.287788	0.000000	-0.047807
TF_00	TF	179	0.289262	0.000000	-0.045968
TF_00	TF	180	0.290676	0.000000	-0.044084
TF_00	TF	181	0.292031	0.000000	-0.042156
TF_00	TF	182	0.293325	0.000000	-0.040187
TF_00	TF	183	0.294556	0.000000	-0.038178
TF_00	TF	184	0.295723	0.000000	-0.036132
TF_00	TF	185	0.296825	0.000000	-0.034049
TF_00	TF	186	0.297862	0.000000	-0.031933
TF_00	TF	187	0.298832	0.000000	-0.029786
TF_00	TF	188	0.299733	0.000000	-0.027609
TF_00	TF	189	0.300566	0.000000	-0.025405
TF_00	TF	190	0.301329	0.000000	-0.023176
TF_00	TF	191	0.302022	0.000000	-0.020924
TF_00	TF	192	0.302644	0.000000	-0.018652
TF_00	TF	193	0.303194	0.000000	-0.016361
TF_00	TF	194	0.303672	0.000000	-0.014054
TF_00	TF	195	0.304077	0.000000	-0.011733
TF_00	TF	196	0.304409	0.000000	-0.009400
TF_00	TF	197	0.304667	0.000000	-0.007058
TF_00	TF	198	0.304852	0.000000	-0.004709
TF_00	TF	199	0.304963	0.000000	-0.002356
TF_00	TF	200	0.305000	0.000000	-0.000000
TF_01	TF	0	0.215668	0.215668	0.000000
TF_01	TF	1	0.215641	0.215641	0.002356
TF_01	TF	2	0.215563	0.215563	0.004709
TF_01	TF	3	0.215432	0.215432	0.007058
TF_01	TF	4	0.215249	0.215249	0.009400
TF_01	TF	5	0.215015	0.215015	0.011733
TF_01	TF	6	0.214728	0.214728	0.014054
TF_01	TF	7	0.214390	0.214390	0.016361
TF_01	TF	8	0.214001	0.214001	0.018652
TF_01	TF	9	0.213562	0.213562	0.020924
TF_01	TF	10	0.213072	0.213072	0.023176
TF_01	TF	11	0.212532	0.212532	0.025405
TF_01	TF	12	0.211943	0.211943	0.027609
TF_01	TF	13	0.211306	0.211306	0.029786
TF_01	TF	14	0.210620	0.210620	0.031933
TF_01	TF	15	0.209887	0.209887	0.034049
TF_01	TF	16	0.209108	0.209108	0.036132
TF_01	TF	17	0.208282	0.208282	0.038178
TF_01	TF	18	0.207412	0.207412	0.040187
TF_01	TF	19	0.206497	0.206497	0.042156
TF_01	TF	20	0.205539	0.205539	0.044084
TF_01	TF	21	0.204539	0.204539	0.045968
TF_01	TF	22	0.203497	0.203497	0.047807
TF_01	TF	23	0.202415	0.202415	0.049598
TF_01	TF	24	0.201294	0.201294	0.051341
TF_01	TF	25	0.200135	0.200135	0.053033
TF_01	TF	26	0.198938	0.198938	0.054673
TF_01	TF	27	0.197706	0.197706	0.056258
TF_01	TF	28	0.196439	0.196439	0.057788
TF_01	TF	29	0.195139	0.195139	0.059262
TF_01	TF	30	0.193807	0.193807	0.060676
TF_01	TF	31	0.192444	0.192444	0.062031
TF_01	TF	32	0.191051	0.191051	0.063325
TF_01	TF	33	0.189631	0.189631	0.064556
TF_01	TF	34	0.188183	0.188183	0.065723
TF_01	TF	35	0.186711	0.186711	0.066825
TF_01	TF	36	0.185215	0.185215	0.067862
TF_01	TF	37	0.183697	0.183697	0.068832
TF_01	TF	38	0.182157	0.182157	0.069733
TF_01	TF	39	0.180599	0.180599	0.070566
TF_01	TF	40	0.179023	0.179023	0.071329
TF_01	TF	41	0.177430	0.177430	0.072022
TF_01	TF	42	0.175823	0.175823	0.072644
TF_01	TF	43	0.174203	0.174203	0.073194
TF_01	TF	44	0.172572	0.172572	0.073672
TF_01	TF	45	0.170931	0.170931	0.074077
TF_01	TF	46	0.169281	0.169281	0.074409
TF_01	TF	47	0.167625	0.167625	0.074667
TF_01	TF	48	0.165965	0.165965	0.074852
TF_01	TF	49	0.164300	0.164300	0.074963
TF_01	TF	50	0.162635	0.162635	0.075000
TF_01	TF	51	0.160969	0.160969	0.074963
TF_01	TF	52	0.159305	0.159305	0.074852
TF_01	TF	53	0.157644	0.157644	0.074667
TF_01	TF	54	0.155988	0.155988	0.074409
TF_01	TF	55	0.154338	0.154338	0.074077
TF_01	TF	56	0.152697	0.152697	0.073672
TF_01	TF	57	0.151066	0.151066	0.073194
TF_01	TF	58	0.149446	0.149446	0.072644
TF_01	TF	59	0.147839	0.147839	0.072022
TF_01	TF	60	0.146246	0.146246	0.071329
TF_01	TF	61	0.144670	0.144670	0.070566
TF_01	TF	62	0.143112	0.143112	0.069733
TF_01	TF	63	0.141573	0.141573	0.068832
TF_01	TF	64	0.140054	0.140054	0.067862
TF_01	TF	65	0.138558	0.138558	0.066825
TF_01	TF	66	0.137086	0.137086	0.065723
TF_01	TF	67	0.135639	0.135639	0.064556
TF_01	TF	68	0.134218	0.134218	0.063325
TF_01	TF	69	0.132826	0.132826	0.062031
TF_01	TF	70	0.131463	0.131463	0.060676
TF_01	TF	71	0.130130	0.130130	0.059262
TF_01	TF	72	0.128830	0.128830	0.057788
TF_01	TF	73	0.127563	0.127563	0.056258
TF_01	TF	74	0.126331	0.126331	0.054673
TF_01	TF	75	0.125135	0.125135	0.053033
TF_01	TF	76	0.123975	0.123975	0.051341
TF_01	TF	77	0.122854	0.122854	0.049598
TF_01	TF	78	0.121772	0.121772	0.047807
TF_01	TF	79	0.120730	0.120730	0.045968
TF_01	TF	80	0.119730	0.119730	0.044084
TF_01	TF	81	0.118772	0.118772	0.042156
TF_01	TF	82	0.117857	0.117857	0.040187
TF_01	TF	83	0.116987	0.116987	0.038178
TF_01	TF	84	0.116161	0.116161	0.036132
TF_01	TF	85	0.115382	0.115382	0.034049
TF_01	TF	86	0.114649	0.114649	0.031933
TF_01	TF	87	0.113963	0.113963	0.029786
TF_01	TF	88	0.113326	0.113326	0.027609
TF_01	TF	89	0.112737	0.112737	0.025405
TF_01	TF	90	0.112197	0.112197	0.023176
TF_01	TF	91	0.111707	0.111707	0.020924
TF_01	TF	92	0.111268	0.111268	0.018652
TF_01	TF	93	0.110879	0.110879	0.016361
TF_01	TF	94	0.110541	0.110541	0.014054
TF_01	TF	95	0.110254	0.110254	0.011733
TF_01	TF	96	0.110020	0.110020	0.009400
TF_01	TF	97	0.109837	0.109837	0.007058
TF_01	TF	98	0.109706	0.109706	0.004709
TF_01	TF	99	0.109628	0.109628	0.002356
TF_01	TF	100	0.109602	0.109602	-0.000000
TF_01	TF	101	0.109628	0.109628	-0.002356
TF_01	TF	102	0.109706	0.109706	-0.004709
TF_01	TF	103	0.109837	0.109837	-0.007058
TF_01	TF	104	0.110020	0.110020	-0.009400
TF_01	TF	105	0.110254	0.110254	-0.011733
TF_01	TF	106	0.110541	0.110541	-0.014054
TF_01	TF	107	0.110879	0.110879	-0.016361
TF_01	TF	108	0.111268	0.111268	-0.018652
TF_01	TF	109	0.111707	0.111707	-0.020924
TF_01	TF	110	0.112197	0.112197	-0.023176
TF_01	TF	111	0.112737	0.112737	-0.025405
TF_01	TF	112	0.113326	0.113326	-0.027609
TF_01	TF	113	0.113963	0.113963	-0.029786
TF_01	TF	114	0.114649	0.114649	-0.031933
TF_01	TF	115	0.115382	0.115382	-0.034049
TF_01	TF	116	0.116161	0.116161	-0.036132
TF_01	TF	117	0.116987	0.116987	-0.038178
TF_01	TF	118	0.117857	0.117857	-0.040187
TF_01	TF	119	0.118772	0.118772	-0.042156
TF_01	TF	120	0.119730	0.119730	-0.044084
TF_01	TF	121	0.120730	0.120730	-0.045968
TF_01	TF	122	0.121772	0.121772	-0.047807
TF_01	TF	123	0.122854	0.122854	-0.049598
TF_01	TF	124	0.123975	0.123975	-0.051341
TF_01	TF	125	0.125135	0.125135	-0.053033
TF_01	TF	126	0.126331	0.126331	-0.054673
TF_01	TF	127	0.127563	0.127563	-0.056258
TF_01	TF	128	0.128830	0.128830	-0.057788
TF_01	TF	129	0.130130	0.130130	-0.059262
TF_01	TF	130	0.131463	0.131463	-0.060676
TF_01	TF	131	0.132826	0.132826	-0.062031
TF_01	TF	132	0.134218	0.134218	-0.063325
TF_01	TF	133	0.135639	0.135639	-0.064556
TF_01	TF	134	0.137086	0.137086	-0.065723
TF_01	TF	135	0.138558	0.138558	-0.066825
TF_01	TF	136	0.140054	0.140054	-0.067862
TF_01	TF	137	0.141573	0.141573	-0.068832
TF_01	TF	138	0.143112	0.143112	-0.069733
TF_01	TF	139	0.144670	0.144670	-0.070566
TF_01	TF	140	0.146246	0.146246	-0.071329
TF_01	TF	141	0.147839	0.147839	-0.072022
TF_01	TF	142	0.149446	0.149446	-0.072644
TF_01	TF	143	0.151066	0.151066	-0.073194
TF_01	TF	144	0.152697	0.152697	-0.073672
TF_01	TF	145	0.154338	0.154338	-0.074077
TF_01	TF	146	0.155988	0.155988	-0.074409
TF_01	TF	147	0.157644	0.157644	-0.074667
TF_01	TF	148	0.159305	0.159305	-0.074852
TF_01	TF	149	0.160969	0.160969	-0.074963
TF_01	TF	150	0.162635	0.162635	-0.075000
TF_01	TF	151	0.164300	0.164300	-0.074963
TF_01	TF	152	0.165965	0.165965	-0.074852
TF_01	TF	153	0.167625	0.167625	-0.074667
TF_01	TF	154	0.169281	0.169281	-0.074409
TF_01	TF	155	0.170931	0.170931	-0.074077
TF_01	TF	156	0.172572	0.172572	-0.073672
TF_01	TF	157	0.174203	0.174203	-0.073194
TF_01	TF	158	0.175823	0.175823	-0.072644
TF_01	TF	159	0.177430	0.177430	-0.072022
TF_01	TF	160	0.179023	0.179023	-0.071329
TF_01	TF	161	0.180599	0.180599	-0.070566
TF_01	TF	162	0.182157	0.182157	-0.069733
TF_01	TF	163	0.183697	0.183697	-0.068832
TF_01	TF	164	0.185215	0.185215	-0.067862
TF_01	TF	165	0.186711	0.186711	-0.066825
TF_01	TF	166	0.188183	0.188183	-0.065723
TF_01	TF	167	0.189631	0.189631	-0.064556
TF_01	TF	168	0.191051	0.191051	-0.063325
TF_01	TF	169	0.192444	0.192444	-0.062031
TF_01	TF	170	0.193807	0.193807	-0.060676
TF_01	TF	171	0.195139	0.195139	-0.059262
TF_01	TF	172	0.196439	0.196439	-0.057788
TF_01	TF	173	0.197706	0.197706	-0.056258
TF_01	TF	174	0.198938	0.198938	-0.054673
TF_01	TF	175	0.200135	0.200135	-0.053033
TF_01	TF	176	0.201294	0.201294	-0.051341
TF_01	TF	177	0.202415	0.202415	-0.049598
TF_01	TF	178	0.203497	0.203497	-0.047807
TF_01	TF	179	0.204539	0.204539	-0.045968
TF_01	TF	180	0.205539	0.205539	-0.044084
TF_01	TF	181	0.206497	0.206497	-0.042156
TF_01	TF	182	0.207412	0.207412	-0.040187
TF_01	TF	183	0.208282	0.208282	-0.038178
TF_01	TF	184	0.209108	0.209108	-0.036132
TF_01	TF	185	0.209887	0.209887	-0.034049
TF_01	TF	186	0.210620	0.210620	-0.031933
TF_01	TF	187	0.211306	0.211306	-0.029786
TF_01	TF	188	0.211943	0.211943	-0.027609
TF_01	TF	189	0.212532	0.212532	-0.025405
TF_01	TF	190	0.213072	0.213072	-0.023176
TF_01	TF	191	0.213562	0.213562	-0.020924
TF_01	TF	192	0.214001	0.214001	-0.018652
TF_01	TF	193	0.214390	0.214390	-0.016361
TF_01	TF	194	0.214728	0.214728	-0.014054
TF_01	TF	195	0.215015	0.215015	-0.011733
TF_01	TF	196	0.215249	0.215249	-0.009400
TF_01	TF	197	0.215432	0.215432	-0.007058
TF_01	TF	198	0.215563	0.215563	-0.004709
TF_01	TF	199	0.215641	0.215641	-0.002356
TF_01	TF	200	0.215668	0.215668	-0.000000
TF_02	TF	0	0.000000	0.305000	0.000000
TF_02	TF	1	0.000000	0.304963	0.002356
TF_02	TF	2	0.000000	0.304852	0.004709
TF_02	TF	3	0.000000	0.304667	0.007058
TF_02	TF	4	0.000000	0.304409	0.009400
TF_02	TF	5	0.000000	0.304077	0.011733
TF_02	TF	6	0.000000	0.303672	0.014054
TF_02	TF	7	0.000000	0.303194	0.016361
TF_02	TF	8	0.000000	0.302644	0.018652
TF_02	TF	9	0.000000	0.302022	0.020924
TF_02	TF	10	0.000000	0.301329	0.023176
TF_02	TF	11	0.000000	0.300566	0.025405
TF_02	TF	12	0.000000	0.299733	0.027609
TF_02	TF	13	0.000000	0.298832	0.029786
TF_02	TF	14	0.000000	0.297862	0.031933
TF_02	TF	15	0.000000	0.296825	0.034049
TF_02	TF	16	0.000000	0.295723	0.036132
TF_02	TF	17	0.000000	0.294556	0.038178
TF_02	TF	18	0.000000	0.293325	0.040187
TF_02	TF	19	0.000000	0.292031	0.042156
TF_02	TF	20	0.000000	0.290676	0.044084
TF_02	TF	21	0.000000	0.289262	0.045968
TF_02	TF	22	0.000000	0.287788	0.047807
TF_02	TF	23	0.000000	0.286258	0.049598
TF_02	TF	24	0.000000	0.284673	0.051341
TF_02	TF	25	0.000000	0.283033	0.053033
TF_02	TF	26	0.000000	0.281341	0.054673
TF_02	TF	27	0.000000	0.279598	0.056258
TF_02	TF	28	0.000000	0.277807	0.057788
TF_02	TF	29	0.000000	0.275968	0.059262
TF_02	TF	30	0.000000	0.274084	0.060676
TF_02	TF	31	0.000000	0.272156	0.062031
TF_02	TF	32	0.000000	0.270187	0.063325
TF_02	TF	33	0.000000	0.268178	0.064556
TF_02	TF	34	0.000000	0.266132	0.065723
TF_02	TF	35	0.000000	0.264049	0.066825
TF_02	TF	36	0.000000	0.261933	0.067862
TF_02	TF	37	0.000000	0.259786	0.068832
TF_02	TF	38	0.000000	0.257609	0.069733
TF_02	TF	39	0.000000	0.255405	0.070566
TF_02	TF	40	0.000000	0.253176	0.071329
TF_02	TF	41	0.000000	0.250924	0.072022
TF_02	TF	42	0.000000	0.248652	0.072644
TF_02	TF	43	0.000000	0.246361	0.073194
TF_02	TF	44	0.000000	0.244054	0.073672
TF_02	TF	45	0.000000	0.241733	0.074077
TF_02	TF	46	0.000000	0.239400	0.074409
TF_02	TF	47	0.000000	0.237058	0.074667
TF_02	TF	48	0.000000	0.234709	0.074852
TF_02	TF	49	0.000000	0.232356	0.074963
TF_02	TF	50	0.000000	0.230000	0.075000
TF_02	TF	51	0.000000	0.227644	0.074963
TF_02	TF	52	0.000000	0.225291	0.074852
TF_02	TF	53	0.000000	0.222942	0.074667
TF_02	TF	54	0.000000	0.220600	0.074409
TF_02	TF	55	0.000000	0.218267	0.074077
TF_02	TF	56	0.000000	0.215946	0.073672
TF_02	TF	57	0.000000	0.213639	0.073194
TF_02	TF	58	0.000000	0.211348	0.072644
TF_02	TF	59	0.000000	0.209076	0.072022
TF_02	TF	60	0.000000	0.206824	0.071329
TF_02	TF	61	0.000000	0.204595	0.070566
TF_02	TF	62	0.000000	0.202391	0.069733
TF_02	TF	63	0.000000	0.200214	0.068832
TF_02	TF	64	0.000000	0.198067	0.067862
TF_02	TF	65	0.000000	0.195951	0.066825
TF_02	TF	66	0.000000	0.193868	0.065723
TF_02	TF	67	0.000000	0.191822	0.064556
TF_02	TF	68	0.000000	0.189813	0.063325
TF_02	TF	69	0.000000	0.187844	0.062031
TF_02	TF	70	0.000000	0.185916	0.060676
TF_02	TF	71	0.000000	0.184032	0.059262
TF_02	TF	72	0.000000	0.182193	0.057788
TF_02	TF	73	0.000000	0.180402	0.056258
TF_02	TF	74	0.000000	0.178659	0.054673
TF_02	TF	75	0.000000	0.176967	0.053033
TF_02	TF	76	0.000000	0.175327	0.051341
TF_02	TF	77	0.000000	0.173742	0.049598
TF_02	TF	78	0.000000	0.172212	0.047807
TF_02	TF	79	0.000000	0.170738	0.045968
TF_02	TF	80	0.000000	0.169324	0.044084
TF_02	TF	81	0.000000	0.167969	0.042156
TF_02	TF	82	0.000000	0.166675	0.040187
TF_02	TF	83	0.000000	0.165444	0.038178
TF_02	TF	84	0.000000	0.164277	0.036132
TF_02	TF	85	0.000000	0.163175	0.034049
TF_02	TF	86	0.000000	0.162138	0.031933
TF_02	TF	87	0.000000	0.161168	0.029786
TF_02	TF	88	0.000000	0.160267	0.027609
TF_02	TF	89	0.000000	0.159434	0.025405
TF_02	TF	90	0.000000	0.158671	0.023176
TF_02	TF	91	0.000000	0.157978	0.020924
TF_02	TF	92	0.000000	0.157356	0.018652
TF_02	TF	93	0.000000	0.156806	0.016361
TF_02	TF	94	0.000000	0.156328	0.014054
TF_02	TF	95	0.000000	0.155923	0.011733
TF_02	TF	96	0.000000	0.155591	0.009400
TF_02	TF	97	0.000000	0.155333	0.007058
TF_02	TF	98	0.000000	0.155148	0.004709
TF_02	TF	99	0.000000	0.155037	0.002356
TF_02	TF	100	0.000000	0.155000	-0.000000
TF_02	TF	101	0.000000	0.155037	-0.002356
TF_02	TF	102	0.000000	0.155148	-0.004709
TF_02	TF	103	0.000000	0.155333	-0.007058
TF_02	TF	104	0.000000	0.155591	-0.009400
TF_02	TF	105	0.000000	0.155923	-0.011733
TF_02	TF	106	0.000000	0.156328	-0.014054
TF_02	TF	107	0.000000	0.156806	-0.016361
TF_02	TF	108	0.000000	0.157356	-0.018652
TF_02	TF	109	0.000000	0.157978	-0.020924
TF_02	TF	110	0.000000	0.158671	-0.023176
TF_02	TF	111	0.000000	0.159434	-0.025405
TF_02	TF	112	0.000000	0.160267	-0.027609
TF_02	TF	113	0.000000	0.161168	-0.029786
TF_02	TF	114	0.000000	0.162138	-0.031933
TF_02	TF	115	0.000000	0.163175	-0.034049
TF_02	TF	116	0.000000	0.164277	-0.036132
TF_02	TF	117	0.000000	0.165444	-0.038178
TF_02	TF	118	0.000000	0.166675	-0.040187
TF_02	TF	119	0.000000	0.167969	-0.042156
TF_02	TF	120	0.000000	0.169324	-0.044084
TF_02	TF	121	0.000000	0.170738	-0.045968
TF_02	TF	122	0.000000	0.172212	-0.047807
TF_02	TF	123	0.000000	0.173742	-0.049598
TF_02	TF	124	0.000000	0.175327	-0.051341
TF_02	TF	125	0.000000	0.176967	-0.053033
TF_02	TF	126	0.000000	0.178659	-0.054673
TF_02	TF	127	0.000000	0.180402	-0.056258
TF_02	TF	128	0.000000	0.182193	-0.057788
TF_02	TF	129	0.000000	0.184032	-0.059262
TF_02	TF	130	0.000000	0.185916	-0.060676
TF_02	TF	131	0.000000	0.187844	-0.062031
TF_02	TF	132	0.000000	0.189813	-0.063325
TF_02	TF	133	0.000000	0.191822	-0.064556
TF_02	TF	134	0.000000	0.193868	-0.065723
TF_02	TF	135	0.000000	0.195951	-0.066825
TF_02	TF	136	0.000000	0.198067	-0.067862
TF_02	TF	137	0.000000	0.200214	-0.068832
TF_02	TF	138	0.000000	0.202391	-0.069733
TF_02	TF	139	0.000000	0.204595	-0.070566
TF_02	TF	140	0.000000	0.206824	-0.071329
TF_02	TF	141	0.000000	0.209076	-0.072022
TF_02	TF	142	0.000000	0.211348	-0.072644
TF_02	TF	143	0.000000	0.213639	-0.073194
TF_02	TF	144	0.000000	0.215946	-0.073672
TF_02	TF	145	0.000000	0.218267	-0.074077
TF_02	TF	146	0.000000	0.220600	-0.074409
TF_02	TF	147	0.000000	0.222942	-0.074667
TF_02	TF	148	0.000000	0.225291	-0.074852
TF_02	TF	149	0.000000	0.227644	-0.074963
TF_02	TF	150	0.000000	0.230000	-0.075000
TF_02	TF	151	0.000000	0.232356	-0.074963
TF_02	TF	152	0.000000	0.234709	-0.074852
TF_02	TF	153	0.000000	0.237058	-0.074667
TF_02	TF	154	0.000000	0.239400	-0.074409
TF_02	TF	155	0.000000	0.241733	-0.074077
TF_02	TF	156	0.000000	0.244054	-0.073672
TF_02	TF	157	0.000000	0.246361	-0.073194
TF_02	TF	158	0.000000	0.248652	-0.072644
TF_02	TF	159	0.000000	0.250924	-0.072022
TF_02	TF	160	0.000000	0.253176	-0.071329
TF_02	TF	161	0.000000	0.255405	-0.070566
TF_02	TF	162	0.000000	0.257609	-0.069733
TF_02	TF	163	0.000000	0.259786	-0.068832
TF_02	TF	164	0.000000	0.261933	-0.067862
TF_02	TF	165	0.000000	0.264049	-0.066825
TF_02	TF	166	0.000000	0.266132	-0.065723
TF_02	TF	167	0.000000	0.268178	-0.064556
TF_02	TF	168	0.000000	0.270187	-0.063325
TF_02	TF	169	0.000000	0.272156	-0.062031
TF_02	TF	170	0.000000	0.274084	-0.060676
TF_02	TF	171	0.000000	0.275968	-0.059262
TF_02	TF	172	0.000000	0.277807	-0.057788
TF_02	TF	173	0.000000	0.279598	-0.056258
TF_02	TF	174	0.000000	0.281341	-0.054673
TF_02	TF	175	0.000000	0.283033	-0.053033
TF_02	TF	176	0.000000	0.284673	-0.051341
TF_02	TF	177	0.000000	0.286258	-0.049598
TF_02	TF	178	0.000000	0.287788	-0.047807
TF_02	TF	179	0.000000	0.289262	-0.045968
TF_02	TF	180	0.000000	0.290676	-0.044084
TF_02	TF	181	0.000000	0.292031	-0.042156
TF_02	TF	182	0.000000	0.293325	-0.040187
TF_02	TF	183	0.000000	0.294556	-0.038178
TF_02	TF	184	0.000000	0.295723	-0.036132
TF_02	TF	185	0.000000	0.296825	-0.034049
TF_02	TF	186	0.000000	0.297862	-0.031933
TF_02	TF	187	0.000000	0.298832	-0.029786
TF_02	TF	188	0.000000	0.299733	-0.027609
TF_02	TF	189	0.000000	0.300566	-0.025405
TF_02	TF	190	0.000000	0.301329	-0.023176
TF_02	TF	191	0.000000	0.302022	-0.020924
TF_02	TF	192	0.000000	0.302644	-0.018652
TF_02	TF	193	0.000000	0.303194	-0.016361
TF_02	TF	194	0.000000	0.303672	-0.014054
TF_02	TF	195	0.000000	0.304077	-0.011733
TF_02	TF	196	0.000000	0.304409	-0.009400
TF_02	TF	197	0.000000	0.304667	-0.007058
TF_02	TF	198	0.000000	0.304852	-0.004709
TF_02	TF	199	0.000000	0.304963	-0.002356
TF_02	TF	200	0.000000	0.305000	-0.000000
TF_03	TF	0	-0.215668	0.215668	0.000000
TF_03	TF	1	-0.215641	0.215641	0.002356
TF_03	TF	2	-0.215563	0.215563	0.004709
TF_03	TF	3	-0.215432	0.215432	0.007058
TF_03	TF	4	-0.215249	0.215249	0.009400
TF_03	TF	5	-0.215015	0.215015	0.011733
TF_03	TF	6	-0.214728	0.214728	0.014054
TF_03	TF	7	-0.214390	0.214390	0.016361
TF_03	TF	8	-0.214001	0.214001	0.018652
TF_03	TF	9	-0.213562	0.213562	0.020924
TF_03	TF	10	-0.213072	0.213072	0.023176
TF_03	TF	11	-0.212532	0.212532	0.025405
TF_03	TF	12	-0.211943	0.211943	0.027609
TF_03	TF	13	-0.211306	0.211306	0.029786
TF_03	TF	14	-0.210620	0.210620	0.031933
TF_03	TF	15	-0.209887	0.209887	0.034049
TF_03	TF	16	-0.209108	0.209108	0.036132
TF_03	TF	17	-0.208282	0.208282	0.038178
TF_03	TF	18	-0.207412	0.207412	0.040187
TF_03	TF	19	-0.206497	0.206497	0.042156
TF_03	TF	20	-0.205539	0.205539	0.044084
TF_03	TF	21	-0.204539	0.204539	0.045968
TF_03	TF	22	-0.203497	0.203497	0.047807
TF_03	TF	23	-0.202415	0.202415	0.049598
TF_03	TF	24	-0.201294	0.201294	0.051341
TF_03	TF	25	-0.200135	0.200135	0.053033
TF_03	TF	26	-0.198938	0.198938	0.054673
TF_03	TF	27	-0.197706	0.197706	0.056258
TF_03	TF	28	-0.196439	0.196439	0.057788
TF_03	TF	29	-0.195139	0.195139	0.059262
TF_03	TF	30	-0.193807	0.193807	0.060676
TF_03	TF	31	-0.192444	0.192444	0.062031
TF_03	TF	32	-0.191051	0.191051	0.063325
TF_03	TF	33	-0.189631	0.189631	0.064556
TF_03	TF	34	-0.188183	0.188183	0.065723
TF_03	TF	35	-0.186711	0.186711	0.066825
TF_03	TF	36	-0.185215	0.185215	0.067862
TF_03	TF	37	-0.183697	0.183697	0.068832
TF_03	TF	38	-0.182157	0.182157	0.069733
TF_03	TF	39	-0.180599	0.180599	0.070566
TF_03	TF	40	-0.179023	0.179023	0.071329
TF_03	TF	41	-0.177430	0.177430	0.072022
TF_03	TF	42	-0.175823	0.175823	0.072644
TF_03	TF	43	-0.174203	0.174203	0.073194
TF_03	TF	44	-0.172572	0.172572	0.073672
TF_03	TF	45	-0.170931	0.170931	0.074077
TF_03	TF	46	-0.169281	0.169281	0.074409
TF_03	TF	47	-0.167625	0.167625	0.074667
TF_03	TF	48	-0.165965	0.165965	0.074852
TF_03	TF	49	-0.164300	0.164300	0.074963
TF_03	TF	50	-0.162635	0.162635	0.075000
TF_03	TF	51	-0.160969	0.160969	0.074963
TF_03	TF	52	-0.159305	0.159305	0.074852
TF_03	TF	53	-0.157644	0.157644	0.074667
TF_03	TF	54	-0.155988	0.155988	0.074409
TF_03	TF	55	-0.154338	0.154338	0.074077
TF_03	TF	56	-0.152697	0.152697	0.073672
TF_03	TF	57	-0.151066	0.151066	0.073194
TF_03	TF	58	-0.149446	0.149446	0.072644
TF_03	TF	59	-0.147839	0.147839	0.072022
TF_03	TF	60	-0.146246	0.146246	0.071329
TF_03	TF	61	-0.144670	0.144670	0.070566
TF_03	TF	62	-0.143112	0.143112	0.069733
TF_03	TF	63	-0.141573	0.141573	0.068832
TF_03	TF	64	-0.140054	0.140054	0.067862
TF_03	TF	65	-0.138558	0.138558	0.066825
TF_03	TF	66	-0.137086	0.137086	0.065723
TF_03	TF	67	-0.135639	0.135639	0.064556
TF_03	TF	68	-0.134218	0.134218	0.063325
TF_03	TF	69	-0.132826	0.132826	0.062031
TF_03	TF	70	-0.131463	0.131463	0.060676
TF_03	TF	71	-0.130130	0.130130	0.059262
TF_03	TF	72	-0.128830	0.128830	0.057788
TF_03	TF	73	-0.127563	0.127563	0.056258
TF_03	TF	74	-0.126331	0.126331	0.054673
TF_03	TF	75	-0.125135	0.125135	0.053033
TF_03	TF	76	-0.123975	0.123975	0.051341
TF_03	TF	77	-0.122854	0.122854	0.049598
TF_03	TF	78	-0.121772	0.121772	0.047807
TF_03	TF	79	-0.120730	0.120730	0.045968
TF_03	TF	80	-0.119730	0.119730	0.044084
TF_03	TF	81	-0.118772	0.118772	0.042156
TF_03	TF	82	-0.117857	0.117857	0.040187
TF_03	TF	83	-0.116987	0.116987	0.038178
TF_03	TF	84	-0.116161	0.116161	0.036132
TF_03	TF	85	-0.115382	0.115382	0.034049
TF_03	TF	86	-0.114649	0.114649	0.031933
TF_03	TF	87	-0.113963	0.113963	0.029786
TF_03	TF	88	-0.113326	0.113326	0.027609
TF_03	TF	89	-0.112737	0.112737	0.025405
TF_03	TF	90	-0.112197	0.112197	0.023176
TF_03	TF	91	-0.111707	0.111707	0.020924
TF_03	TF	92	-0.111268	0.111268	0.018652
TF_03	TF	93	-0.110879	0.110879	0.016361
TF_03	TF	94	-0.110541	0.110541	0.014054
TF_03	TF	95	-0.110254	0.110254	0.011733
TF_03	TF	96	-0.110020	0.110020	0.009400
TF_03	TF	97	-0.109837	0.109837	0.007058
TF_03	TF	98	-0.109706	0.109706	0.004709
TF_03	TF	99	-0.109628	0.109628	0.002356
TF_03	TF	100	-0.109602	0.109602	-0.000000
TF_03	TF	101	-0.109628	0.109628	-0.002356
TF_03	TF	102	-0.109706	0.109706	-0.004709
TF_03	TF	103	-0.109837	0.109837	-0.007058
TF_03	TF	104	-0.110020	0.110020	-0.009400
TF_03	TF	105	-0.110254	0.110254	-0.011733
TF_03	TF	106	-0.110541	0.110541	-0.014054
TF_03	TF	107	-0.110879	0.110879	-0.016361
TF_03	TF	108	-0.111268	0.111268	-0.018652
TF_03	TF	109	-0.111707	0.111707	-0.020924
TF_03	TF	110	-0.112197	0.112197	-0.023176
TF_03	TF	111	-0.112737	0.112737	-0.025405
TF_03	TF	112	-0.113326	0.113326	-0.027609
TF_03	TF	113	-0.113963	0.113963	-0.029786
TF_03	TF	114	-0.114649	0.114649	-0.031933
TF_03	TF	115	-0.115382	0.115382	-0.034049
TF_03	TF	116	-0.116161	0.116161	-0.036132
TF_03	TF	117	-0.116987	0.116987	-0.038178
TF_03	TF	118	-0.117857	0.117857	-0.040187
TF_03	TF	119	-0.118772	0.118772	-0.042156
TF_03	TF	120	-0.119730	0.119730	-0.044084
TF_03	TF	121	-0.120730	0.120730	-0.045968
TF_03	TF	122	-0.121772	0.121772	-0.047807
TF_03	TF	123	-0.122854	0.122854	-0.049598
TF_03	TF	124	-0.123975	0.123975	-0.051341
TF_03	TF	125	-0.125135	0.125135	-0.053033
TF_03	TF	126	-0.126331	0.126331	-0.054673
TF_03	TF	127	-0.127563	0.127563	-0.056258
TF_03	TF	128	-0.128830	0.128830	-0.057788
TF_03	TF	129	-0.130130	0.130130	-0.059262
TF_03	TF	130	-0.131463	0.131463	-0.060676
TF_03	TF	131	-0.132826	0.132826	-0.062031
TF_03	TF	132	-0.134218	0.134218	-0.063325
TF_03	TF	133	-0.135639	0.135639	-0.064556
TF_03	TF	134	-0.137086	0.137086	-0.065723
TF_03	TF	135	-0.138558	0.138558	-0.066825
TF_03	TF	136	-0.140054	0.140054	-0.067862
TF_03	TF	137	-0.141573	0.141573	-0.068832
TF_03	TF	138	-0.143112	0.143112	-0.069733
TF_03	TF	139	-0.144670	0.144670	-0.070566
TF_03	TF	140	-0.146246	0.146246	-0.071329
TF_03	TF	141	-0.147839	0.147839	-0.072022
TF_03	TF	142	-0.149446	0.149446	-0.072644
TF_03	TF	143	-0.151066	0.151066	-0.073194
TF_03	TF	144	-0.152697	0.152697	-0.073672
TF_03	TF	145	-0.154338	0.154338	-0.074077
TF_03	TF	146	-0.155988	0.155988	-0.074409
TF_03	TF	147	-0.157644	0.157644	-0.074667
TF_03	TF	148	-0.159305	0.159305	-0.074852
TF_03	TF	149	-0.160969	0.160969	-0.074963
TF_03	TF	150	-0.162635	0.162635	-0.075000
TF_03	TF	151	-0.164300	0.164300	-0.074963
TF_03	TF	152	-0.165965	0.165965	-0.074852
TF_03	TF	153	-0.167625	0.167625	-0.074667
TF_03	TF	154	-0.169281	0.169281	-0.074409
TF_03	TF	155	-0.170931	0.170931	-0.074077
TF_03	TF	156	-0.172572	0.172572	-0.073672
TF_03	TF	157	-0.174203	0.174203	-0.073194
TF_03	TF	158	-0.175823	0.175823	-0.072644
TF_03	TF	159	-0.177430	0.177430	-0.072022
TF_03	TF	160	-0.179023	0.179023	-0.071329
TF_03	TF	161	-0.180599	0.180599	-0.070566
TF_03	TF	162	-0.182157	0.182157	-0.069733
TF_03	TF	163	-0.183697	0.183697	-0.068832
TF_03	TF	164	-0.185215	0.185215	-0.067862
TF_03	TF	165	-0.186711	0.186711	-0.066825
TF_03	TF	166	-0.188183	0.188183	-0.065723
TF_03	TF	167	-0.189631	0.189631	-0.064556
TF_03	TF	168	-0.191051	0.191051	-0.063325
TF_03	TF	169	-0.192444	0.192444	-0.062031
TF_03	TF	170	-0.193807	0.193807	-0.060676
TF_03	TF	171	-0.195139	0.195139	-0.059262
TF_03	TF	172	-0.196439	0.196439	-0.057788
TF_03	TF	173	-0.197706	0.197706	-0.056258
TF_03	TF	174	-0.198938	0.198938	-0.054673
TF_03	TF	175	-0.200135	0.200135	-0.053033
TF_03	TF	176	-0.201294	0.201294	-0.051341
TF_03	TF	177	-0.202415	0.202415	-0.049598
TF_03	TF	178	-0.203497	0.203497	-0.047807
TF_03	TF	179	-0.204539	0.204539	-0.045968
TF_03	TF	180	-0.205539	0.205539	-0.044084
TF_03	TF	181	-0.206497	0.206497	-0.042156
TF_03	TF	182	-0.207412	0.207412	-0.040187
TF_03	TF	183	-0.208282	0.208282	-0.038178
TF_03	TF	184	-0.209108	0.209108	-0.036132
TF_03	TF	185	-0.209887	0.209887	-0.034049
TF_03	TF	186	-0.210620	0.210620	-0.031933
TF_03	TF	187	-0.211306	0.211306	-0.029786
TF_03	TF	188	-0.211943	0.211943	-0.027609
TF_03	TF	189	-0.212532	0.212532	-0.025405
TF_03	TF	190	-0.213072	0.213072	-0.023176
TF_03	TF	191	-0.213562	0.213562	-0.020924
TF_03	TF	192	-0.214001	0.214001	-0.018652
TF_03	TF	193	-0.214390	0.214390	-0.016361
TF_03	TF	194	-0.214728	0.214728	-0.014054
TF_03	TF	195	-0.215015	0.215015	-0.011733
TF_03	TF	196	-0.215249	0.215249	-0.009400
TF_03	TF	197	-0.215432	0.215432	-0.007058
TF_03	TF	198	-0.215563	0.215563	-0.004709
TF_03	TF	199	-0.215641	0.215641	-0.002356
TF_03	TF	200	-0.215668	0.215668	-0.000000
TF_04	TF	0	-0.305000	0.000000	0.000000
TF_04	TF	1	-0.304963	0.000000	0.002356
TF_04	TF	2	-0.304852	0.000000	0.004709
TF_04	TF	3	-0.304667	0.000000	0.007058
TF_04	TF	4	-0.304409	0.000000	0.009400
TF_04	TF	5	-0.304077	0.000000	0.011733
TF_04	TF	6	-0.303672	0.000000	0.014054
TF_04	TF	7	-0.303194	0.000000	0.016361
TF_04	TF	8	-0.302644	0.000000	0.018652
TF_04	TF	9	-0.302022	0.000000	0.020924
TF_04	TF	10	-0.301329	0.000000	0.023176
TF_04	TF	11	-0.300566	0.000000	0.025405
TF_04	TF	12	-0.299733	0.000000	0.027609
TF_04	TF	13	-0.298832	0.000000	0.029786
TF_04	TF	14	-0.297862	0.000000	0.031933
TF_04	TF	15	-0.296825	0.000000	0.034049
TF_04	TF	16	-0.295723	0.000000	0.036132
TF_04	TF	17	-0.294556	0.000000	0.038178
TF_04	TF	18	-0.293325	0.000000	0.040187
TF_04	TF	19	-0.292031	0.000000	0.042156
TF_04	TF	20	-0.290676	0.000000	0.044084
TF_04	TF	21	-0.289262	0.000000	0.045968
TF_04	TF	22	-0.287788	0.000000	0.047807
TF_04	TF	23	-0.286258	0.000000	0.049598
TF_04	TF	24	-0.284673	0.000000	0.051341
TF_04	TF	25	-0.283033	0.000000	0.053033
TF_04	TF	26	-0.281341	0.000000	0.054673
TF_04	TF	27	-0.279598	0.000000	0.056258
TF_04	TF	28	-0.277807	0.000000	0.057788
TF_04	TF	29	-0.275968	0.000000	0.059262
TF_04	TF	30	-0.274084	0.000000	0.060676
TF_04	TF	31	-0.272156	0.000000	0.062031
TF_04	TF	32	-0.270187	0.000000	0.063325
TF_04	TF	33	-0.268178	0.000000	0.064556
TF_04	TF	34	-0.266132	0.000000	0.065723
TF_04	TF	35	-0.264049	0.000000	0.066825
TF_04	TF	36	-0.261933	0.000000	0.067862
TF_04	TF	37	-0.259786	0.000000	0.068832
TF_04	TF	38	-0.257609	0.000000	0.069733
TF_04	TF	39	-0.255405	0.000000	0.070566
TF_04	TF	40	-0.253176	0.000000	0.071329
TF_04	TF	41	-0.250924	0.000000	0.072022
TF_04	TF	42	-0.248652	0.000000	0.072644
TF_04	TF	43	-0.246361	0.000000	0.073194
TF_04	TF	44	-0.244054	0.000000	0.073672
TF_04	TF	45	-0.241733	0.000000	0.074077
TF_04	TF	46	-0.239400	0.000000	0.074409
TF_04	TF	47	-0.237058	0.000000	0.074667
TF_04	TF	48	-0.234709	0.000000	0.074852
TF_04	TF	49	-0.232356	0.000000	0.074963
TF_04	TF	50	-0.230000	0.000000	0.075000
TF_04	TF	51	-0.227644	0.000000	0.074963
TF_04	TF	52	-0.225291	0.000000	0.074852
TF_04	TF	53	-0.222942	0.000000	0.074667
TF_04	TF	54	-0.220600	0.000000	0.074409
TF_04	TF	55	-0.218267	0.000000	0.074077
TF_04	TF	56	-0.215946	0.000000	0.073672
TF_04	TF	57	-0.213639	0.000000	0.073194
TF_04	TF	58	-0.211348	0.000000	0.072644
TF_04	TF	59	-0.209076	0.000000	0.072022
TF_04	TF	60	-0.206824	0.000000	0.071329
TF_04	TF	61	-0.204595	0.000000	0.070566
TF_04	TF	62	-0.202391	0.000000	0.069733
TF_04	TF	63	-0.200214	0.000000	0.068832
TF_04	TF	64	-0.198067	0.000000	0.067862
TF_04	TF	65	-0.195951	0.000000	0.066825
TF_04	TF	66	-0.193868	0.000000	0.065723
TF_04	TF	67	-0.191822	0.000000	0.064556
TF_04	TF	68	-0.189813	0.000000	0.063325
TF_04	TF	69	-0.187844	0.000000	0.062031
TF_04	TF	70	-0.185916	0.000000	0.060676
TF_04	TF	71	-0.184032	0.000000	0.059262
TF_04	TF	72	-0.182193	0.000000	0.057788
TF_04	TF	73	-0.180402	0.000000	0.056258
TF_04	TF	74	-0.178659	0.000000	0.054673
TF_04	TF	75	-0.176967	0.000000	0.053033
TF_04	TF	76	-0.175327	0.000000	0.051341
TF_04	TF	77	-0.173742	0.000000	0.049598
TF_04	TF	78	-0.172212	0.000000	0.047807
TF_04	TF	79	-0.170738	0.000000	0.045968
TF_04	TF	80	-0.169324	0.000000	0.044084
TF_04	TF	81	-0.167969	0.000000	0.042156
TF_04	TF	82	-0.166675	0.000000	0.040187
TF_04	TF	83	-0.165444	0.000000	0.038178
TF_04	TF	84	-0.164277	0.000000	0.036132
TF_04	TF	85	-0.163175	0.000000	0.034049
TF_04	TF	86	-0.162138	0.000000	0.031933
TF_04	TF	87	-0.161168	0.000000	0.029786
TF_04	TF	88	-0.160267	0.000000	0.027609
TF_04	TF	89	-0.159434	0.000000	0.025405
TF_04	TF	90	-0.158671	0.000000	0.023176
TF_04	TF	91	-0.157978	0.000000	0.020924
TF_04	TF	92	-0.157356	0.000000	0.018652
TF_04	TF	93	-0.156806	0.000000	0.016361
TF_04	TF	94	-0.156328	0.000000	0.014054
TF_04	TF	95	-0.155923	0.000000	0.011733
TF_04	TF	96	-0.155591	0.000000	0.009400
TF_04	TF	97	-0.155333	0.000000	0.007058
TF_04	TF	98	-0.155148	0.000000	0.004709
TF_04	TF	99	-0.155037	0.000000	0.002356
TF_04	TF	100	-0.155000	0.000000	-0.000000
TF_04	TF	101	-0.155037	0.000000	-0.002356
TF_04	TF	102	-0.155148	0.000000	-0.004709
TF_04	TF	103	-0.155333	0.000000	-0.007058
TF_04	TF	104	-0.155591	0.000000	-0.009400
TF_04	TF	105	-0.155923	0.000000	-0.011733
TF_04	TF	106	-0.156328	0.000000	-0.014054
TF_04	TF	107	-0.156806	0.000000	-0.016361
TF_04	TF	108	-0.157356	0.000000	-0.018652
TF_04	TF	109	-0.157978	0.000000	-0.020924
TF_04	TF	110	-0.158671	0.000000	-0.023176
TF_04	TF	111	-0.159434	0.000000	-0.025405
TF_04	TF	112	-0.160267	0.000000	-0.027609
TF_04	TF	113	-0.161168	0.000000	-0.029786
TF_04	TF	114	-0.162138	0.000000	-0.031933
TF_04	TF	115	-0.163175	0.000000	-0.034049
TF_04	TF	116	-0.164277	0.000000	-0.036132
TF_04	TF	117	-0.165444	0.000000	-0.038178
TF_04	TF	118	-0.166675	0.000000	-0.040187
TF_04	TF	119	-0.167969	0.000000	-0.042156
TF_04	TF	120	-0.169324	0.000000	-0.044084
TF_04	TF	121	-0.170738	0.000000	-0.045968
TF_04	TF	122	-0.172212	0.000000	-0.047807
TF_04	TF	123	-0.173742	0.000000	-0.049598
TF_04	TF	124	-0.175327	0.000000	-0.051341
TF_04	TF	125	-0.176967	0.000000	-0.053033
TF_04	TF	126	-0.178659	0.000000	-0.054673
TF_04	TF	127	-0.180402	0.000000	-0.056258
TF_04	TF	128	-0.182193	0.000000	-0.057788
TF_04	TF	129	-0.184032	0.000000	-0.059262
TF_04	TF	130	-0.185916	0.000000	-0.060676
TF_04	TF	131	-0.187844	0.000000	-0.062031
TF_04	TF	132	-0.189813	0.000000	-0.063325
TF_04	TF	133	-0.191822	0.000000	-0.064556
TF_04	TF	134	-0.193868	0.000000	-0.065723
TF_04	TF	135	-0.195951	0.000000	-0.066825
TF_04	TF	136	-0.198067	0.000000	-0.067862
TF_04	TF	137	-0.200214	0.000000	-0.068832
TF_04	TF	138	-0.202391	0.000000	-0.069733
TF_04	TF	139	-0.204595	0.000000	-0.070566
TF_04	TF	140	-0.206824	0.000000	-0.071329
TF_04	TF	141	-0.209076	0.000000	-0.072022
TF_04	TF	142	-0.211348	0.000000	-0.072644
TF_04	TF	143	-0.213639	0.000000	-0.073194
TF_04	TF	144	-0.215946	0.000000	-0.073672
TF_04	TF	145	-0.218267	0.000000	-0.074077
TF_04	TF	146	-0.220600	0.000000	-0.074409
TF_04	TF	147	-0.222942	0.000000	-0.074667
TF_04	TF	148	-0.225291	0.000000	-0.074852
TF_04	TF	149	-0.227644	0.000000	-0.074963
TF_04	TF	150	-0.230000	0.000000	-0.075000
TF_04	TF	151	-0.232356	0.000000	-0.074963
TF_04	TF	152	-0.234709	0.000000	-0.074852
TF_04	TF	153	-0.237058	0.000000	-0.074667
TF_04	TF	154	-0.239400	0.000000	-0.074409
TF_04	TF	155	-0.241733	0.000000	-0.074077
TF_04	TF	156	-0.244054	0.000000	-0.073672
TF_04	TF	157	-0.246361	0.000000	-0.073194
TF_04	TF	158	-0.248652	0.000000	-0.072644
TF_04	TF	159	-0.250924	0.000000	-0.072022
TF_04	TF	160	-0.253176	0.000000	-0.071329
TF_04	TF	161	-0.255405	0.000000	-0.070566
TF_04	TF	162	-0.257609	0.000000	-0.069733
TF_04	TF	163	-0.259786	0.000000	-0.068832
TF_04	TF	164	-0.261933	0.000000	-0.067862
TF_04	TF	165	-0.264049	0.000000	-0.066825
TF_04	TF	166	-0.266132	0.000000	-0.065723
TF_04	TF	167	-0.268178	0.000000	-0.064556
TF_04	TF	168	-0.270187	0.000000	-0.063325
TF_04	TF	169	-0.272156	0.000000	-0.062031
TF_04	TF	170	-0.274084	0.000000	-0.060676
TF_04	TF	171	-0.275968	0.000000	-0.059262
TF_04	TF	172	-0.277807	0.000000	-0.057788
TF_04	TF	173	-0.279598	0.000000	-0.056258
TF_04	TF	174	-0.281341	0.000000	-0.054673
TF_04	TF	175	-0.283033	0.000000	-0.053033
TF_04	TF	176	-0.284673	0.000000	-0.051341
TF_04	TF	177	-0.286258	0.000000	-0.049598
TF_04	TF	178	-0.287788	0.000000	-0.047807
TF_04	TF	179	-0.289262	0.000000	-0.045968
TF_04	TF	180	-0.290676	0.000000	-0.044084
TF_04	TF	181	-0.292031	0.000000	-0.042156
TF_04	TF	182	-0.293325	0.000000	-0.040187
TF_04	TF	183	-0.294556	0.000000	-0.038178
TF_04	TF	184	-0.295723	0.000000	-0.036132
TF_04	TF	185	-0.296825	0.000000	-0.034049
TF_04	TF	186	-0.297862	0.000000	-0.031933
TF_04	TF	187	-0.298832	0.000000	-0.029786
TF_04	TF	188	-0.299733	0.000000	-0.027609
TF_04	TF	189	-0.300566	0.000000	-0.025405
TF_04	TF	190	-0.301329	0.000000	-0.023176
TF_04	TF	191	-0.302022	0.000000	-0.020924
TF_04	TF	192	-0.302644	0.000000	-0.018652
TF_04	TF	193	-0.303194	0.000000	-0.016361
TF_04	TF	194	-0.303672	0.000000	-0.014054
TF_04	TF	195	-0.304077	0.000000	-0.011733
TF_04	TF	196	-0.304409	0.000000	-0.009400
TF_04	TF	197	-0.304667	0.000000	-0.007058
TF_04	TF	198	-0.304852	0.000000	-0.004709
TF_04	TF	199	-0.304963	0.000000	-0.002356
TF_04	TF	200	-0.305000	0.000000	-0.000000
TF_05	TF	0	-0.215668	-0.215668	0.000000
TF_05	TF	1	-0.215641	-0.215641	0.002356
TF_05	TF	2	-0.215563	-0.215563	0.004709
TF_05	TF	3	-0.215432	-0.215432	0.007058
TF_05	TF	4	-0.215249	-0.215249	0.009400
TF_05	TF	5	-0.215015	-0.215015	0.011733
TF_05	TF	6	-0.214728	-0.214728	0.014054
TF_05	TF	7	-0.214390	-0.214390	0.016361
TF_05	TF	8	-0.214001	-0.214001	0.018652
TF_05	TF	9	-0.213562	-0.213562	0.020924
TF_05	TF	10	-0.213072	-0.213072	0.023176
TF_05	TF	11	-0.212532	-0.212532	0.025405
TF_05	TF	12	-0.211943	-0.211943	0.027609
TF_05	TF	13	-0.211306	-0.211306	0.029786
TF_05	TF	14	-0.210620	-0.210620	0.031933
TF_05	TF	15	-0.209887	-0.209887	0.034049
TF_05	TF	16	-0.209108	-0.209108	0.036132
TF_05	TF	17	-0.208282	-0.208282	0.038178
TF_05	TF	18	-0.207412	-0.207412	0.040187
TF_05	TF	19	-0.206497	-0.206497	0.042156
TF_05	TF	20	-0.205539	-0.205539	0.044084
TF_05	TF	21	-0.204539	-0.204539	0.045968
TF_05	TF	22	-0.203497	-0.203497	0.047807
TF_05	TF	23	-0.202415	-0.202415	0.049598
TF_05	TF	24	-0.201294	-0.201294	0.051341
TF_05	TF	25	-0.200135	-0.200135	0.053033
TF_05	TF	26	-0.198938	-0.198938	0.054673
TF_05	TF	27	-0.197706	-0.197706	0.056258
TF_05	TF	28	-0.196439	-0.196439	0.057788
TF_05	TF	29	-0.195139	-0.195139	0.059262
TF_05	TF	30	-0.193807	-0.193807	0.060676
TF_05	TF	31	-0.192444	-0.192444	0.062031
TF_05	TF	32	-0.191051	-0.191051	0.063325
TF_05	TF	33	-0.189631	-0.189631	0.064556
TF_05	TF	34	-0.188183	-0.188183	0.065723
TF_05	TF	35	-0.186711	-0.186711	0.066825
TF_05	TF	36	-0.185215	-0.185215	0.067862
TF_05	TF	37	-0.183697	-0.183697	0.068832
TF_05	TF	38	-0.182157	-0.182157	0.069733
TF_05	TF	39	-0.180599	-0.180599	0.070566
TF_05	TF	40	-0.179023	-0.179023	0.071329
TF_05	TF	41	-0.177430	-0.177430	0.072022
TF_05	TF	42	-0.175823	-0.175823	0.072644
TF_05	TF	43	-0.174203	-0.174203	0.073194
TF_05	TF	44	-0.172572	-0.172572	0.073672
TF_05	TF	45	-0.170931	-0.170931	0.074077
TF_05	TF	46	-0.169281	-0.169281	0.074409
TF_05	TF	47	-0.167625	-0.167625	0.074667
TF_05	TF	48	-0.165965	-0.165965	0.074852
TF_05	TF	49	-0.164300	-0.164300	0.074963
TF_05	TF	50	-0.162635	-0.162635	0.075000
TF_05	TF	51	-0.160969	-0.160969	0.074963
TF_05	TF	52	-0.159305	-0.159305	0.074852
TF_05	TF	53	-0.157644	-0.157644	0.074667
TF_05	TF	54	-0.155988	-0.155988	0.074409
TF_05	TF	55	-0.154338	-0.154338	0.074077
TF_05	TF	56	-0.152697	-0.152697	0.073672
TF_05	TF	57	-0.151066	-0.151066	0.073194
TF_05	TF	58	-0.149446	-0.149446	0.072644
TF_05	TF	59	-0.147839	-0.147839	0.072022
TF_05	TF	60	-0.146246	-0.146246	0.071329
TF_05	TF	61	-0.144670	-0.144670	0.070566
TF_05	TF	62	-0.143112	-0.143112	0.069733
TF_05	TF	63	-0.141573	-0.141573	0.068832
TF_05	TF	64	-0.140054	-0.140054	0.067862
TF_05	TF	65	-0.138558	-0.138558	0.066825
TF_05	TF	66	-0.137086	-0.137086	0.065723
TF_05	TF	67	-0.135639	-0.135639	0.064556
TF_05	TF	68	-0.134218	-0.134218	0.063325
TF_05	TF	69	-0.132826	-0.132826	0.062031
TF_05	TF	70	-0.131463	-0.131463	0.060676
TF_05	TF	71	-0.130130	-0.130130	0.059262
TF_05	TF	72	-0.128830	-0.128830	0.057788
TF_05	TF	73	-0.127563	-0.127563	0.056258
TF_05	TF	74	-0.126331	-0.126331	0.054673
TF_05	TF	75	-0.125135	-0.125135	0.053033
TF_05	TF	76	-0.123975	-0.123975	0.051341
TF_05	TF	77	-0.122854	-0.122854	0.049598
TF_05	TF	78	-0.121772	-0.121772	0.047807
TF_05	TF	79	-0.120730	-0.120730	0.045968
TF_05	TF	80	-0.119730	-0.119730	0.044084
TF_05	TF	81	-0.118772	-0.118772	0.042156
TF_05	TF	82	-0.117857	-0.117857	0.040187
TF_05	TF	83	-0.116987	-0.116987	0.038178
TF_05	TF	84	-0.116161	-0.116161	0.036132
TF_05	TF	85	-0.115382	-0.115382	0.034049
TF_05	TF	86	-0.114649	-0.114649	0.031933
TF_05	TF	87	-0.113963	-0.113963	0.029786
TF_05	TF	88	-0.113326	-0.113326	0.027609
TF_05	TF	89	-0.112737	-0.112737	0.025405
TF_05	TF	90	-0.112197	-0.112197	0.023176
TF_05	TF	91	-0.111707	-0.111707	0.020924
TF_05	TF	92	-0.111268	-0.111268	0.018652
TF_05	TF	93	-0.110879	-0.110879	0.016361
TF_05	TF	94	-0.110541	-0.110541	0.014054
TF_05	TF	95	-0.110254	-0.110254	0.011733
TF_05	TF	96	-0.110020	-0.110020	0.009400
TF_05	TF	97	-0.109837	-0.109837	0.007058
TF_05	TF	98	-0.109706	-0.109706	0.004709
TF_05	TF	99	-0.109628	-0.109628	0.002356
TF_05	TF	100	-0.109602	-0.109602	-0.000000
TF_05	TF	101	-0.109628	-0.109628	-0.002356
TF_05	TF	102	-0.109706	-0.109706	-0.004709
TF_05	TF	103	-0.109837	-0.109837	-0.007058
TF_05	TF	104	-0.110020	-0.110020	-0.009400
TF_05	TF	105	-0.110254	-0.110254	-0.011733
TF_05	TF	106	-0.110541	-0.110541	-0.014054
TF_05	TF	107	-0.110879	-0.110879	-0.016361
TF_05	TF	108	-0.111268	-0.111268	-0.018652
TF_05	TF	109	-0.111707	-0.111707	-0.020924
TF_05	TF	110	-0.112197	-0.112197	-0.023176
TF_05	TF	111	-0.112737	-0.112737	-0.025405
TF_05	TF	112	-0.113326	-0.113326	-0.027609
TF_05	TF	113	-0.113963	-0.113963	-0.029786
TF_05	TF	114	-0.114649	-0.114649	-0.031933
TF_05	TF	115	-0.115382	-0.115382	-0.034049
TF_05	TF	116	-0.116161	-0.116161	-0.036132
TF_05	TF	117	-0.116987	-0.116987	-0.038178
TF_05	TF	118	-0.117857	-0.117857	-0.040187
TF_05	TF	119	-0.118772	-0.118772	-0.042156
TF_05	TF	120	-0.119730	-0.119730	-0.044084
TF_05	TF	121	-0.120730	-0.120730	-0.045968
TF_05	TF	122	-0.121772	-0.121772	-0.047807
TF_05	TF	123	-0.122854	-0.122854	-0.049598
TF_05	TF	124	-0.123975	-0.123975	-0.051341
TF_05	TF	125	-0.125135	-0.125135	-0.053033
TF_05	TF	126	-0.126331	-0.126331	-0.054673
TF_05	TF	127	-0.127563	-0.127563	-0.056258
TF_05	TF	128	-0.128830	-0.128830	-0.057788
TF_05	TF	129	-0.130130	-0.130130	-0.059262
TF_05	TF	130	-0.131463	-0.131463	-0.060676
TF_05	TF	131	-0.132826	-0.132826	-0.062031
TF_05	TF	132	-0.134218	-0.134218	-0.063325
TF_05	TF	133	-0.135639	-0.135639	-0.064556
TF_05	TF	134	-0.137086	-0.137086	-0.065723
TF_05	TF	135	-0.138558	-0.138558	-0.066825
TF_05	TF	136	-0.140054	-0.140054	-0.067862
TF_05	TF	137	-0.141573	-0.141573	-0.068832
TF_05	TF	138	-0.143112	-0.143112	-0.069733
TF_05	TF	139	-0.144670	-0.144670	-0.070566
TF_05	TF	140	-0.146246	-0.146246	-0.071329
TF_05	TF	141	-0.147839	-0.147839	-0.072022
TF_05	TF	142	-0.149446	-0.149446	-0.072644
TF_05	TF	143	-0.151066	-0.151066	-0.073194
TF_05	TF	144	-0.152697	-0.152697	-0.073672
TF_05	TF	145	-0.154338	-0.154338	-0.074077
TF_05	TF	146	-0.155988	-0.155988	-0.074409
TF_05	TF	147	-0.157644	-0.157644	-0.074667
TF_05	TF	148	-0.159305	-0.159305	-0.074852
TF_05	TF	149	-0.160969	-0.160969	-0.074963
TF_05	TF	150	-0.162635	-0.162635	-0.075000
TF_05	TF	151	-0.164300	-0.164300	-0.074963
TF_05	TF	152	-0.165965	-0.165965	-0.074852
TF_05	TF	153	-0.167625	-0.167625	-0.074667
TF_05	TF	154	-0.169281	-0.169281	-0.074409
TF_05	TF	155	-0.170931	-0.170931	-0.074077
TF_05	TF	156	-0.172572	-0.172572	-0.073672
TF_05	TF	157	-0.174203	-0.174203	-0.073194
TF_05	TF	158	-0.175823	-0.175823	-0.072644
TF_05	TF	159	-0.177430	-0.177430	-0.072022
TF_05	TF	160	-0.179023	-0.179023	-0.071329
TF_05	TF	161	-0.180599	-0.180599	-0.070566
TF_05	TF	162	-0.182157	-0.182157	-0.069733
TF_05	TF	163	-0.183697	-0.183697	-0.068832
TF_05	TF	164	-0.185215	-0.185215	-0.067862
TF_05	TF	165	-0.186711	-0.186711	-0.066825
TF_05	TF	166	-0.188183	-0.188183	-0.065723
TF_05	TF	167	-0.189631	-0.189631	-0.064556
TF_05	TF	168	-0.191051	-0.191051	-0.063325
TF_05	TF	169	-0.192444	-0.192444	-0.062031
TF_05	TF	170	-0.193807	-0.193807	-0.060676
TF_05	TF	171	-0.195139	-0.195139	-0.059262
TF_05	TF	172	-0.196439	-0.196439	-0.057788
TF_05	TF	173	-0.197706	-0.197706	-0.056258
TF_05	TF	174	-0.198938	-0.198938	-0.054673
TF_05	TF	175	-0.200135	-0.200135	-0.053033
TF_05	TF	176	-0.201294	-0.201294	-0.051341
TF_05	TF	177	-0.202415	-0.202415	-0.049598
TF_05	TF	178	-0.203497	-0.203497	-0.047807
TF_05	TF	179	-0.204539	-0.204539	-0.045968
TF_05	TF	180	-0.205539	-0.205539	-0.044084
TF_05	TF	181	-0.206497	-0.206497	-0.042156
TF_05	TF	182	-0.207412	-0.207412	-0.040187
TF_05	TF	183	-0.208282	-0.208282	-0.038178
TF_05	TF	184	-0.209108	-0.209108	-0.036132
TF_05	TF	185	-0.209887	-0.209887	-0.034049
TF_05	TF	186	-0.210620	-0.210620	-0.031933
TF_05	TF	187	-0.211306	-0.211306	-0.029786
TF_05	TF	188	-0.211943	-0.211943	-0.027609
TF_05	TF	189	-0.212532	-0.212532	-0.025405
TF_05	TF	190	-0.213072	-0.213072	-0.023176
TF_05	TF	191	-0.213562	-0.213562	-0.020924
TF_05	TF	192	-0.214001	-0.214001	-0.018652
TF_05	TF	193	-0.214390	-0.214390	-0.016361
TF_05	TF	194	-0.214728	-0.214728	-0.014054
TF_05	TF	195	-0.215015	-0.215015	-0.011733
TF_05	TF	196	-0.215249	-0.215249	-0.009400
TF_05	TF	197	-0.215432	-0.215432	-0.007058
TF_05	TF	198	-0.215563	-0.215563	-0.004709
TF_05	TF	199	-0.215641	-0.215641	-0.002356
TF_05	TF	200	-0.215668	-0.215668	-0.000000
TF_06	TF	0	-0.000000	-0.305000	0.000000
TF_06	TF	1	-0.000000	-0.304963	0.002356
TF_06	TF	2	-0.000000	-0.304852	0.004709
TF_06	TF	3	-0.000000	-0.304667	0.007058
TF_06	TF	4	-0.000000	-0.304409	0.009400
TF_06	TF	5	-0.000000	-0.304077	0.011733
TF_06	TF	6	-0.000000	-0.303672	0.014054
TF_06	TF	7	-0.000000	-0.303194	0.016361
TF_06	TF	8	-0.000000	-0.302644	0.018652
TF_06	TF	9	-0.000000	-0.302022	0.020924
TF_06	TF	10	-0.000000	-0.301329	0.023176
TF_06	TF	11	-0.000000	-0.300566	0.025405
TF_06	TF	12	-0.000000	-0.299733	0.027609
TF_06	TF	13	-0.000000	-0.298832	0.029786
TF_06	TF	14	-0.000000	-0.297862	0.031933
TF_06	TF	15	-0.000000	-0.296825	0.034049
TF_06	TF	16	-0.000000	-0.295723	0.036132
TF_06	TF	17	-0.000000	-0.294556	0.038178
TF_06	TF	18	-0.000000	-0.293325	0.040187
TF_06	TF	19	-0.000000	-0.292031	0.042156
TF_06	TF	20	-0.000000	-0.290676	0.044084
TF_06	TF	21	-0.000000	-0.289262	0.045968
TF_06	TF	22	-0.000000	-0.287788	0.047807
TF_06	TF	23	-0.000000	-0.286258	0.049598
TF_06	TF	24	-0.000000	-0.284673	0.051341
TF_06	TF	25	-0.000000	-0.283033	0.053033
TF_06	TF	26	-0.000000	-0.281341	0.054673
TF_06	TF	27	-0.000000	-0.279598	0.056258
TF_06	TF	28	-0.000000	-0.277807	0.057788
TF_06	TF	29	-0.000000	-0.275968	0.059262
TF_06	TF	30	-0.000000	-0.274084	0.060676
TF_06	TF	31	-0.000000	-0.272156	0.062031
TF_06	TF	32	-0.000000	-0.270187	0.063325
TF_06	TF	33	-0.000000	-0.268178	0.064556
TF_06	TF	34	-0.000000	-0.266132	0.065723
TF_06	TF	35	-0.000000	-0.264049	0.066825
TF_06	TF	36	-0.000000	-0.261933	0.067862
TF_06	TF	37	-0.000000	-0.259786	0.068832
TF_06	TF	38	-0.000000	-0.257609	0.069733
TF_06	TF	39	-0.000000	-0.255405	0.070566
TF_06	TF	40	-0.000000	-0.253176	0.071329
TF_06	TF	41	-0.000000	-0.250924	0.072022
TF_06	TF	42	-0.000000	-0.248652	0.072644
TF_06	TF	43	-0.000000	-0.246361	0.073194
TF_06	TF	44	-0.000000	-0.244054	0.073672
TF_06	TF	45	-0.000000	-0.241733	0.074077
TF_06	TF	46	-0.000000	-0.239400	0.074409
TF_06	TF	47	-0.000000	-0.237058	0.074667
TF_06	TF	48	-0.000000	-0.234709	0.074852
TF_06	TF	49	-0.000000	-0.232356	0.074963
TF_06	TF	50	-0.000000	-0.230000	0.075000
TF_06	TF	51	-0.000000	-0.227644	0.074963
TF_06	TF	52	-0.000000	-0.225291	0.074852
TF_06	TF	53	-0.000000	-0.222942	0.074667
TF_06	TF	54	-0.000000	-0.220600	0.074409
TF_06	TF	55	-0.000000	-0.218267	0.074077
TF_06	TF	56	-0.000000	-0.215946	0.073672
TF_06	TF	57	-0.000000	-0.213639	0.073194
TF_06	TF	58	-0.000000	-0.211348	0.072644
TF_06	TF	59	-0.000000	-0.209076	0.072022
TF_06	TF	60	-0.000000	-0.206824	0.071329
TF_06	TF	61	-0.000000	-0.204595	0.070566
TF_06	TF	62	-0.000000	-0.202391	0.069733
TF_06	TF	63	-0.000000	-0.200214	0.068832
TF_06	TF	64	-0.000000	-0.198067	0.067862
TF_06	TF	65	-0.000000	-0.195951	0.066825
TF_06	TF	66	-0.000000	-0.193868	0.065723
TF_06	TF	67	-0.000000	-0.191822	0.064556
TF_06	TF	68	-0.000000	-0.189813	0.063325
TF_06	TF	69	-0.000000	-0.187844	0.062031
TF_06	TF	70	-0.000000	-0.185916	0.060676
TF_06	TF	71	-0.000000	-0.184032	0.059262
TF_06	TF	72	-0.000000	-0.182193	0.057788
TF_06	TF	73	-0.000000	-0.180402	0.056258
TF_06	TF	74	-0.000000	-0.178659	0.054673
TF_06	TF	75	-0.000000	-0.176967	0.053033
TF_06	TF	76	-0.000000	-0.175327	0.051341
TF_06	TF	77	-0.000000	-0.173742	0.049598
TF_06	TF	78	-0.000000	-0.172212	0.047807
TF_06	TF	79	-0.000000	-0.170738	0.045968
TF_06	TF	80	-0.000000	-0.169324	0.044084
TF_06	TF	81	-0.000000	-0.167969	0.042156
TF_06	TF	82	-0.000000	-0.166675	0.040187
TF_06	TF	83	-0.000000	-0.165444	0.038178
TF_06	TF	84	-0.000000	-0.164277	0.036132
TF_06	TF	85	-0.000000	-0.163175	0.034049
TF_06	TF	86	-0.000000	-0.162138	0.031933
TF_06	TF	87	-0.000000	-0.161168	0.029786
TF_06	TF	88	-0.000000	-0.160267	0.027609
TF_06	TF	89	-0.000000	-0.159434	0.025405
TF_06	TF	90	-0.000000	-0.158671	0.023176
TF_06	TF	91	-0.000000	-0.157978	0.020924
TF_06	TF	92	-0.000000	-0.157356	0.018652
TF_06	TF	93	-0.000000	-0.156806	0.016361
TF_06	TF	94	-0.000000	-0.156328	0.014054
TF_06	TF	95	-0.000000	-0.155923	0.011733
TF_06	TF	96	-0.000000	-0.155591	0.009400
TF_06	TF	97	-0.000000	-0.155333	0.007058
TF_06	TF	98	-0.000000	-0.155148	0.004709
TF_06	TF	99	-0.000000	-0.155037	0.002356
TF_06	TF	100	-0.000000	-0.155000	-0.000000
TF_06	TF	101	-0.000000	-0.155037	-0.002356
TF_06	TF	102	-0.000000	-0.155148	-0.004709
TF_06	TF	103	-0.000000	-0.155333	-0.007058
TF_06	TF	104	-0.000000	-0.155591	-0.009400
TF_06	TF	105	-0.000000	-0.155923	-0.011733
TF_06	TF	106	-0.000000	-0.156328	-0.014054
TF_06	TF	107	-0.000000	-0.156806	-0.016361
TF_06	TF	108	-0.000000	-0.157356	-0.018652
TF_06	TF	109	-0.000000	-0.157978	-0.020924
TF_06	TF	110	-0.000000	-0.158671	-0.023176
TF_06	TF	111	-0.000000	-0.159434	-0.025405
TF_06	TF	112	-0.000000	-0.160267	-0.027609
TF_06	TF	113	-0.000000	-0.161168	-0.029786
TF_06	TF	114	-0.000000	-0.162138	-0.031933
TF_06	TF	115	-0.000000	-0.163175	-0.034049
TF_06	TF	116	-0.000000	-0.164277	-0.036132
TF_06	TF	117	-0.000000	-0.165444	-0.038178
TF_06	TF	118	-0.000000	-0.166675	-0.040187
TF_06	TF	119	-0.000000	-0.167969	-0.042156
TF_06	TF	120	-0.000000	-0.169324	-0.044084
TF_06	TF	121	-0.000000	-0.170738	-0.045968
TF_06	TF	122	-0.000000	-0.172212	-0.047807
TF_06	TF	123	-0.000000	-0.173742	-0.049598
TF_06	TF	124	-0.000000	-0.175327	-0.051341
TF_06	TF	125	-0.000000	-0.176967	-0.053033
TF_06	TF	126	-0.000000	-0.178659	-0.054673
TF_06	TF	127	-0.000000	-0.180402	-0.056258
TF_06	TF	128	-0.000000	-0.182193	-0.057788
TF_06	TF	129	-0.000000	-0.184032	-0.059262
TF_06	TF	130	-0.000000	-0.185916	-0.060676
TF_06	TF	131	-0.000000	-0.187844	-0.062031
TF_06	TF	132	-0.000000	-0.189813	-0.063325
TF_06	TF	133	-0.000000	-0.191822	-0.064556
TF_06	TF	134	-0.000000	-0.193868	-0.065723
TF_06	TF	135	-0.000000	-0.195951	-0.066825
TF_06	TF	136	-0.000000	-0.198067	-0.067862
TF_06	TF	137	-0.000000	-0.200214	-0.068832
TF_06	TF	138	-0.000000	-0.202391	-0.069733
TF_06	TF	139	-0.000000	-0.204595	-0.070566
TF_06	TF	140	-0.000000	-0.206824	-0.071329
TF_06	TF	141	-0.000000	-0.209076	-0.072022
TF_06	TF	142	-0.000000	-0.211348	-0.072644
TF_06	TF	143	-0.000000	-0.213639	-0.073194
TF_06	TF	144	-0.000000	-0.215946	-0.073672
TF_06	TF	145	-0.000000	-0.218267	-0.074077
TF_06	TF	146	-0.000000	-0.220600	-0.074409
TF_06	TF	147	-0.000000	-0.222942	-0.074667
TF_06	TF	148	-0.000000	-0.225291	-0.074852
TF_06	TF	149	-0.000000	-0.227644	-0.074963
TF_06	TF	150	-0.000000	-0.230000	-0.075000
TF_06	TF	151	-0.000000	-0.232356	-0.074963
TF_06	TF	152	-0.000000	-0.234709	-0.074852
TF_06	TF	153	-0.000000	-0.237058	-0.074667
TF_06	TF	154	-0.000000	-0.239400	-0.074409
TF_06	TF	155	-0.000000	-0.241733	-0.074077
TF_06	TF	156	-0.000000	-0.244054	-0.073672
TF_06	TF	157	-0.000000	-0.246361	-0.073194
TF_06	TF	158	-0.000000	-0.248652	-0.072644
TF_06	TF	159	-0.000000	-0.250924	-0.072022
TF_06	TF	160	-0.000000	-0.253176	-0.071329
TF_06	TF	161	-0.000000	-0.255405	-0.070566
TF_06	TF	162	-0.000000	-0.257609	-0.069733
TF_06	TF	163	-0.000000	-0.259786	-0.068832
TF_06	TF	164	-0.000000	-0.261933	-0.067862
TF_06	TF	165	-0.000000	-0.264049	-0.066825
TF_06	TF	166	-0.000000	-0.266132	-0.065723
TF_06	TF	167	-0.000000	-0.268178	-0.064556
TF_06	TF	168	-0.000000	-0.270187	-0.063325
TF_06	TF	169	-0.000000	-0.272156	-0.062031
TF_06	TF	170	-0.000000	-0.274084	-0.060676
TF_06	TF	171	-0.000000	-0.275968	-0.059262
TF_06	TF	172	-0.000000	-0.277807	-0.057788
TF_06	TF	173	-0.000000	-0.279598	-0.056258
TF_06	TF	174	-0.000000	-0.281341	-0.054673
TF_06	TF	175	-0.000000	-0.283033	-0.053033
TF_06	TF	176	-0.000000	-0.284673	-0.051341
TF_06	TF	177	-0.000000	-0.286258	-0.049598
TF_06	TF	178	-0.000000	-0.287788	-0.047807
TF_06	TF	179	-0.000000	-0.289262	-0.045968
TF_06	TF	180	-0.000000	-0.290676	-0.044084
TF_06	TF	181	-0.000000	-0.292031	-0.042156
TF_06	TF	182	-0.000000	-0.293325	-0.040187
TF_06	TF	183	-0.000000	-0.294556	-0.038178
TF_06	TF	184	-0.000000	-0.295723	-0.036132
TF_06	TF	185	-0.000000	-0.296825	-0.034049
TF_06	TF	186	-0.000000	-0.297862	-0.031933
TF_06	TF	187	-0.000000	-0.298832	-0.029786
TF_06	TF	188	-0.000000	-0.299733	-0.027609
TF_06	TF	189	-0.000000	-0.300566	-0.025405
TF_06	TF	190	-0.000000	-0.301329	-0.023176
TF_06	TF	191	-0.000000	-0.302022	-0.020924
TF_06	TF	192	-0.000000	-0.302644	-0.018652
TF_06	TF	193	-0.000000	-0.303194	-0.016361
TF_06	TF	194	-0.000000	-0.303672	-0.014054
TF_06	TF	195	-0.000000	-0.304077	-0.011733
TF_06	TF	196	-0.000000	-0.304409	-0.009400
TF_06	TF	197	-0.000000	-0.304667	-0.007058
TF_06	TF	198	-0.000000	-0.304852	-0.004709
TF_06	TF	199	-0.000000	-0.304963	-0.002356
TF_06	TF	200	-0.000000	-0.305000	-0.000000
TF_07	TF	0	0.215668	-0.215668	0.000000
TF_07	TF	1	0.215641	-0.215641	0.002356
TF_07	TF	2	0.215563	-0.215563	0.004709
TF_07	TF	3	0.215432	-0.215432	0.007058
TF_07	TF	4	0.215249	-0.215249	0.009400
TF_07	TF	5	0.215015	-0.215015	0.011733
TF_07	TF	6	0.214728	-0.214728	0.014054
TF_07	TF	7	0.214390	-0.214390	0.016361
TF_07	TF	8	0.214001	-0.214001	0.018652
TF_07	TF	9	0.213562	-0.213562	0.020924
TF_07	TF	10	0.213072	-0.213072	0.023176
TF_07	TF	11	0.212532	-0.212532	0.025405
TF_07	TF	12	0.211943	-0.211943	0.027609
TF_07	TF	13	0.211306	-0.211306	0.029786
TF_07	TF	14	0.210620	-0.210620	0.031933
TF_07	TF	15	0.209887	-0.209887	0.034049
TF_07	TF	16	0.209108	-0.209108	0.036132
TF_07	TF	17	0.208282	-0.208282	0.038178
TF_07	TF	18	0.207412	-0.207412	0.040187
TF_07	TF	19	0.206497	-0.206497	0.042156
TF_07	TF	20	0.205539	-0.205539	0.044084
TF_07	TF	21	0.204539	-0.204539	0.045968
TF_07	TF	22	0.203497	-0.203497	0.047807
TF_07	TF	23	0.202415	-0.202415	0.049598
TF_07	TF	24	0.201294	-0.201294	0.051341
TF_07	TF	25	0.200135	-0.200135	0.053033
TF_07	TF	26	0.198938	-0.198938	0.054673
TF_07	TF	27	0.197706	-0.197706	0.056258
TF_07	TF	28	0.196439	-0.196439	0.057788
TF_07	TF	29	0.195139	-0.195139	0.059262
TF_07	TF	30	0.193807	-0.193807	0.060676
TF_07	TF	31	0.192444	-0.192444	0.062031
TF_07	TF	32	0.191051	-0.191051	0.063325
TF_07	TF	33	0.189631	-0.189631	0.064556
TF_07	TF	34	0.188183	-0.188183	0.065723
TF_07	TF	35	0.186711	-0.186711	0.066825
TF_07	TF	36	0.185215	-0.185215	0.067862
TF_07	TF	37	0.183697	-0.183697	0.068832
TF_07	TF	38	0.182157	-0.182157	0.069733
TF_07	TF	39	0.180599	-0.180599	0.070566
TF_07	TF	40	0.179023	-0.179023	0.071329
TF_07	TF	41	0.177430	-0.177430	0.072022
TF_07	TF	42	0.175823	-0.175823	0.072644
TF_07	TF	43	0.174203	-0.174203	0.073194
TF_07	TF	44	0.172572	-0.172572	0.073672
TF_07	TF	45	0.170931	-0.170931	0.074077
TF_07	TF	46	0.169281	-0.169281	0.074409
TF_07	TF	47	0.167625	-0.167625	0.074667
TF_07	TF	48	0.165965	-0.165965	0.074852
TF_07	TF	49	0.164300	-0.164300	0.074963
TF_07	TF	50	0.162635	-0.162635	0.075000
TF_07	TF	51	0.160969	-0.160969	0.074963
TF_07	TF	52	0.159305	-0.159305	0.074852
TF_07	TF	53	0.157644	-0.157644	0.074667
TF_07	TF	54	0.155988	-0.155988	0.074409
TF_07	TF	55	0.154338	-0.154338	0.074077
TF_07	TF	56	0.152697	-0.152697	0.073672
TF_07	TF	57	0.151066	-0.151066	0.073194
TF_07	TF	58	0.149446	-0.149446	0.072644
TF_07	TF	59	0.147839	-0.147839	0.072022
TF_07	TF	60	0.146246	-0.146246	0.071329
TF_07	TF	61	0.144670	-0.144670	0.070566
TF_07	TF	62	0.143112	-0.143112	0.069733
TF_07	TF	63	0.141573	-0.141573	0.068832
TF_07	TF	64	0.140054	-0.140054	0.067862
TF_07	TF	65	0.138558	-0.138558	0.066825
TF_07	TF	66	0.137086	-0.137086	0.065723
TF_07	TF	67	0.135639	-0.135639	0.064556
TF_07	TF	68	0.134218	-0.134218	0.063325
TF_07	TF	69	0.132826	-0.132826	0.062031
TF_07	TF	70	0.131463	-0.131463	0.060676
TF_07	TF	71	0.130130	-0.130130	0.059262
TF_07	TF	72	0.128830	-0.128830	0.057788
TF_07	TF	73	0.127563	-0.127563	0.056258
TF_07	TF	74	0.126331	-0.126331	0.054673
TF_07	TF	75	0.125135	-0.125135	0.053033
TF_07	TF	76	0.123975	-0.123975	0.051341
TF_07	TF	77	0.122854	-0.122854	0.049598
TF_07	TF	78	0.121772	-0.121772	0.047807
TF_07	TF	79	0.120730	-0.120730	0.045968
TF_07	TF	80	0.119730	-0.119730	0.044084
TF_07	TF	81	0.118772	-0.118772	0.042156
TF_07	TF	82	0.117857	-0.117857	0.040187
TF_07	TF	83	0.116987	-0.116987	0.038178
TF_07	TF	84	0.116161	-0.116161	0.036132
TF_07	TF	85	0.115382	-0.115382	0.034049
TF_07	TF	86	0.114649	-0.114649	0.031933
TF_07	TF	87	0.113963	-0.113963	0.029786
TF_07	TF	88	0.113326	-0.113326	0.027609
TF_07	TF	89	0.112737	-0.112737	0.025405
TF_07	TF	90	0.112197	-0.112197	0.023176
TF_07	TF	91	0.111707	-0.111707	0.020924
TF_07	TF	92	0.111268	-0.111268	0.018652
TF_07	TF	93	0.110879	-0.110879	0.016361
TF_07	TF	94	0.110541	-0.110541	0.014054
TF_07	TF	95	0.110254	-0.110254	0.011733
TF_07	TF	96	0.110020	-0.110020	0.009400
TF_07	TF	97	0.109837	-0.109837	0.007058
TF_07	TF	98	0.109706	-0.109706	0.004709
TF_07	TF	99	0.109628	-0.109628	0.002356
TF_07	TF	100	0.109602	-0.109602	-0.000000
TF_07	TF	101	0.109628	-0.109628	-0.002356
TF_07	TF	102	0.109706	-0.109706	-0.004709
TF_07	TF	103	0.109837	-0.109837	-0.007058
TF_07	TF	104	0.110020	-0.110020	-0.009400
TF_07	TF	105	0.110254	-0.110254	-0.011733
TF_07	TF	106	0.110541	-0.110541	-0.014054
TF_07	TF	107	0.110879	-0.110879	-0.016361
TF_07	TF	108	0.111268	-0.111268	-0.018652
TF_07	TF	109	0.111707	-0.111707	-0.020924
TF_07	TF	110	0.112197	-0.112197	-0.023176
TF_07	TF	111	0.112737	-0.112737	-0.025405
TF_07	TF	112	0.113326	-0.113326	-0.027609
TF_07	TF	113	0.113963	-0.113963	-0.029786
TF_07	TF	114	0.114649	-0.114649	-0.031933
TF_07	TF	115	0.115382	-0.115382	-0.034049
TF_07	TF	116	0.116161	-0.116161	-0.036132
TF_07	TF	117	0.116987	-0.116987	-0.038178
TF_07	TF	118	0.117857	-0.117857	-0.040187
TF_07	TF	119	0.118772	-0.118772	-0.042156
TF_07	TF	120	0.119730	-0.119730	-0.044084
TF_07	TF	121	0.120730	-0.120730	-0.045968
TF_07	TF	122	0.121772	-0.121772	-0.047807
TF_07	TF	123	0.122854	-0.122854	-0.049598
TF_07	TF	124	0.123975	-0.123975	-0.051341
TF_07	TF	125	0.125135	-0.125135	-0.053033
TF_07	TF	126	0.126331	-0.126331	-0.054673
TF_07	TF	127	0.127563	-0.127563	-0.056258
TF_07	TF	128	0.128830	-0.128830	-0.057788
TF_07	TF	129	0.130130	-0.130130	-0.059262
TF_07	TF	130	0.131463	-0.131463	-0.060676
TF_07	TF	131	0.132826	-0.132826	-0.062031
TF_07	TF	132	0.134218	-0.134218	-0.063325
TF_07	TF	133	0.135639	-0.135639	-0.064556
TF_07	TF	134	0.137086	-0.137086	-0.065723
TF_07	TF	135	0.138558	-0.138558	-0.066825
TF_07	TF	136	0.140054	-0.140054	-0.067862
TF_07	TF	137	0.141573	-0.141573	-0.068832
TF_07	TF	138	0.143112	-0.143112	-0.069733
TF_07	TF	139	0.144670	-0.144670	-0.070566
TF_07	TF	140	0.146246	-0.146246	-0.071329
TF_07	TF	141	0.147839	-0.147839	-0.072022
TF_07	TF	142	0.149446	-0.149446	-0.072644
TF_07	TF	143	0.151066	-0.151066	-0.073194
TF_07	TF	144	0.152697	-0.152697	-0.073672
TF_07	TF	145	0.154338	-0.154338	-0.074077
TF_07	TF	146	0.155988	-0.155988	-0.074409
TF_07	TF	147	0.157644	-0.157644	-0.074667
TF_07	TF	148	0.159305	-0.159305	-0.074852
TF_07	TF	149	0.160969	-0.160969	-0.074963
TF_07	TF	150	0.162635	-0.162635	-0.075000
TF_07	TF	151	0.164300	-0.164300	-0.074963
TF_07	TF	152	0.165965	-0.165965	-0.074852
TF_07	TF	153	0.167625	-0.167625	-0.074667
TF_07	TF	154	0.169281	-0.169281	-0.074409
TF_07	TF	155	0.170931	-0.170931	-0.074077
TF_07	TF	156	0.172572	-0.172572	-0.073672
TF_07	TF	157	0.174203	-0.174203	-0.073194
TF_07	TF	158	0.175823	-0.175823	-0.072644
TF_07	TF	159	0.177430	-0.177430	-0.072022
TF_07	TF	160	0.179023	-0.179023	-0.071329
TF_07	TF	161	0.180599	-0.180599	-0.070566
TF_07	TF	162	0.182157	-0.182157	-0.069733
TF_07	TF	163	0.183697	-0.183697	-0.068832
TF_07	TF	164	0.185215	-0.185215	-0.067862
TF_07	TF	165	0.186711	-0.186711	-0.066825
TF_07	TF	166	0.188183	-0.188183	-0.065723
TF_07	TF	167	0.189631	-0.189631	-0.064556
TF_07	TF	168	0.191051	-0.191051	-0.063325
TF_07	TF	169	0.192444	-0.192444	-0.062031
TF_07	TF	170	0.193807	-0.193807	-0.060676
TF_07	TF	171	0.195139	-0.195139	-0.059262
TF_07	TF	172	0.196439	-0.196439	-0.057788
TF_07	TF	173	0.197706	-0.197706	-0.056258
TF_07	TF	174	0.198938	-0.198938	-0.054673
TF_07	TF	175	0.200135	-0.200135	-0.053033
TF_07	TF	176	0.201294	-0.201294	-0.051341
TF_07	TF	177	0.202415	-0.202415	-0.049598
TF_07	TF	178	0.203497	-0.203497	-0.047807
TF_07	TF	179	0.204539	-0.204539	-0.045968
TF_07	TF	180	0.205539	-0.205539	-0.044084
TF_07	TF	181	0.206497	-0.206497	-0.042156
TF_07	TF	182	0.207412	-0.207412	-0.040187
TF_07	TF	183	0.208282	-0.208282	-0.038178
TF_07	TF	184	0.209108	-0.209108	-0.036132
TF_07	TF	185	0.209887	-0.209887	-0.034049
TF_07	TF	186	0.210620	-0.210620	-0.031933
TF_07	TF	187	0.211306	-0.211306	-0.029786
TF_07	TF	188	0.211943	-0.211943	-0.027609
TF_07	TF	189	0.212532	-0.212532	-0.025405
TF_07	TF	190	0.213072	-0.213072	-0.023176
TF_07	TF	191	0.213562	-0.213562	-0.020924
TF_07	TF	192	0.214001	-0.214001	-0.018652
TF_07	TF	193	0.214390	-0.214390	-0.016361
TF_07	TF	194	0.214728	-0.214728	-0.014054
TF_07	TF	195	0.215015	-0.215015	-0.011733
TF_07	TF	196	0.215249	-0.215249	-0.009400
TF_07	TF	197	0.215432	-0.215432	-0.007058
TF_07	TF	198	0.215563	-0.215563	-0.004709
TF_07	TF	199	0.215641	-0.215641	-0.002356
TF_07	TF	200	0.215668	-0.215668	-0.000000
PF_upper	PF	0	0.120000	0.000000	0.150000
PF_upper	PF	1	0.119941	0.003769	0.150000
PF_upper	PF	2	0.119763	0.007535	0.150000
PF_upper	PF	3	0.119467	0.011293	0.150000
PF_upper	PF	4	0.119054	0.015040	0.150000
PF_upper	PF	5	0.118523	0.018772	0.150000
PF_upper	PF	6	0.117874	0.022486	0.150000
PF_upper	PF	7	0.117110	0.026177	0.150000
PF_upper	PF	8	0.116230	0.029843	0.150000
PF_upper	PF	9	0.115235	0.033479	0.150000
PF_upper	PF	10	0.114127	0.037082	0.150000
PF_upper	PF	11	0.112906	0.040649	0.150000
PF_upper	PF	12	0.111573	0.044175	0.150000
PF_upper	PF	13	0.110131	0.047658	0.150000
PF_upper	PF	14	0.108579	0.051094	0.150000
PF_upper	PF	15	0.106921	0.054479	0.150000
PF_upper	PF	16	0.105157	0.057810	0.150000
PF_upper	PF	17	0.103289	0.061085	0.150000
PF_upper	PF	18	0.101319	0.064299	0.150000
PF_upper	PF	19	0.099250	0.067450	0.150000
PF_upper	PF	20	0.097082	0.070534	0.150000
PF_upper	PF	21	0.094819	0.073549	0.150000
PF_upper	PF	22	0.092462	0.076491	0.150000
PF_upper	PF	23	0.090013	0.079357	0.150000
PF_upper	PF	24	0.087476	0.082146	0.150000
PF_upper	PF	25	0.084853	0.084853	0.150000
PF_upper	PF	26	0.082146	0.087476	0.150000
PF_upper	PF	27	0.079357	0.090013	0.150000
PF_upper	PF	28	0.076491	0.092462	0.150000
PF_upper	PF	29	0.073549	0.094819	0.150000
PF_upper	PF	30	0.070534	0.097082	0.150000
PF_upper	PF	31	0.067450	0.099250	0.150000
PF_upper	PF	32	0.064299	0.101319	0.150000
PF_upper	PF	33	0.061085	0.103289	0.150000
PF_upper	PF	34	0.057810	0.105157	0.150000
PF_upper	PF	35	0.054479	0.106921	0.150000
PF_upper	PF	36	0.051094	0.108579	0.150000
PF_upper	PF	37	0.047658	0.110131	0.150000
PF_upper	PF	38	0.044175	0.111573	0.150000
PF_upper	PF	39	0.040649	0.112906	0.150000
PF_upper	PF	40	0.037082	0.114127	0.150000
PF_upper	PF	41	0.033479	0.115235	0.150000
PF_upper	PF	42	0.029843	0.116230	0.150000
PF_upper	PF	43	0.026177	0.117110	0.150000
PF_upper	PF	44	0.022486	0.117874	0.150000
PF_upper	PF	45	0.018772	0.118523	0.150000
PF_upper	PF	46	0.015040	0.119054	0.150000
PF_upper	PF	47	0.011293	0.119467	0.150000
PF_upper	PF	48	0.007535	0.119763	0.150000
PF_upper	PF	49	0.003769	0.119941	0.150000
PF_upper	PF	50	-0.000000	0.120000	0.150000
PF_upper	PF	51	-0.003769	0.119941	0.150000
PF_upper	PF	52	-0.007535	0.119763	0.150000
PF_upper	PF	53	-0.011293	0.119467	0.150000
PF_upper	PF	54	-0.015040	0.119054	0.150000
PF_upper	PF	55	-0.018772	0.118523	0.150000
PF_upper	PF	56	-0.022486	0.117874	0.150000
PF_upper	PF	57	-0.026177	0.117110	0.150000
PF_upper	PF	58	-0.029843	0.116230	0.150000
PF_upper	PF	59	-0.033479	0.115235	0.150000
PF_upper	PF	60	-0.037082	0.114127	0.150000
PF_upper	PF	61	-0.040649	0.112906	0.150000
PF_upper	PF	62	-0.044175	0.111573	0.150000
PF_upper	PF	63	-0.047658	0.110131	0.150000
PF_upper	PF	64	-0.051094	0.108579	0.150000
PF_upper	PF	65	-0.054479	0.106921	0.150000
PF_upper	PF	66	-0.057810	0.105157	0.150000
PF_upper	PF	67	-0.061085	0.103289	0.150000
PF_upper	PF	68	-0.064299	0.101319	0.150000
PF_upper	PF	69	-0.067450	0.099250	0.150000
PF_upper	PF	70	-0.070534	0.097082	0.150000
PF_upper	PF	71	-0.073549	0.094819	0.150000
PF_upper	PF	72	-0.076491	0.092462	0.150000
PF_upper	PF	73	-0.079357	0.090013	0.150000
PF_upper	PF	74	-0.082146	0.087476	0.150000
PF_upper	PF	75	-0.084853	0.084853	0.150000
PF_upper	PF	76	-0.087476	0.082146	0.150000
PF_upper	PF	77	-0.090013	0.079357	0.150000
PF_upper	PF	78	-0.092462	0.076491	0.150000
PF_upper	PF	79	-0.094819	0.073549	0.150000
PF_upper	PF	80	-0.097082	0.070534	0.150000
PF_upper	PF	81	-0.099250	0.067450	0.150000
PF_upper	PF	82	-0.101319	0.064299	0.150000
PF_upper	PF	83	-0.103289	0.061085	0.150000
PF_upper	PF	84	-0.105157	0.057810	0.150000
PF_upper	PF	85	-0.106921	0.054479	0.150000
PF_upper	PF	86	-0.108579	0.051094	0.150000
PF_upper	PF	87	-0.110131	0.047658	0.150000
PF_upper	PF	88	-0.111573	0.044175	0.150000
PF_upper	PF	89	-0.112906	0.040649	0.150000
PF_upper	PF	90	-0.114127	0.037082	0.150000
PF_upper	PF	91	-0.115235	0.033479	0.150000
PF_upper	PF	92	-0.116230	0.029843	0.150000
PF_upper	PF	93	-0.117110	0.026177	0.150000
PF_upper	PF	94	-0.117874	0.022486	0.150000
PF_upper	PF	95	-0.118523	0.018772	0.150000
PF_upper	PF	96	-0.119054	0.015040	0.150000
PF_upper	PF	97	-0.119467	0.011293	0.150000
PF_upper	PF	98	-0.119763	0.007535	0.150000
PF_upper	PF	99	-0.119941	0.003769	0.150000
PF_upper	PF	100	-0.120000	-0.000000	0.150000
PF_upper	PF	101	-0.119941	-0.003769	0.150000
PF_upper	PF	102	-0.119763	-0.007535	0.150000
PF_upper	PF	103	-0.119467	-0.011293	0.150000
PF_upper	PF	104	-0.119054	-0.015040	0.150000
PF_upper	PF	105	-0.118523	-0.018772	0.150000
PF_upper	PF	106	-0.117874	-0.022486	0.150000
PF_upper	PF	107	-0.117110	-0.026177	0.150000
PF_upper	PF	108	-0.116230	-0.029843	0.150000
PF_upper	PF	109	-0.115235	-0.033479	0.150000
PF_upper	PF	110	-0.114127	-0.037082	0.150000
PF_upper	PF	111	-0.112906	-0.040649	0.150000
PF_upper	PF	112	-0.111573	-0.044175	0.150000
PF_upper	PF	113	-0.110131	-0.047658	0.150000
PF_upper	PF	114	-0.108579	-0.051094	0.150000
PF_upper	PF	115	-0.106921	-0.054479	0.150000
PF_upper	PF	116	-0.105157	-0.057810	0.150000
PF_upper	PF	117	-0.103289	-0.061085	0.150000
PF_upper	PF	118	-0.101319	-0.064299	0.150000
PF_upper	PF	119	-0.099250	-0.067450	0.150000
PF_upper	PF	120	-0.097082	-0.070534	0.150000
PF_upper	PF	121	-0.094819	-0.073549	0.150000
PF_upper	PF	122	-0.092462	-0.076491	0.150000
PF_upper	PF	123	-0.090013	-0.079357	0.150000
PF_upper	PF	124	-0.087476	-0.082146	0.150000
PF_upper	PF	125	-0.084853	-0.084853	0.150000
PF_upper	PF	126	-0.082146	-0.087476	0.150000
PF_upper	PF	127	-0.079357	-0.090013	0.150000
PF_upper	PF	128	-0.076491	-0.092462	0.150000
PF_upper	PF	129	-0.073549	-0.094819	0.150000
PF_upper	PF	130	-0.070534	-0.097082	0.150000
PF_upper	PF	131	-0.067450	-0.099250	0.150000
PF_upper	PF	132	-0.064299	-0.101319	0.150000
PF_upper	PF	133	-0.061085	-0.103289	0.150000
PF_upper	PF	134	-0.057810	-0.105157	0.150000
PF_upper	PF	135	-0.054479	-0.106921	0.150000
PF_upper	PF	136	-0.051094	-0.108579	0.150000
PF_upper	PF	137	-0.047658	-0.110131	0.150000
PF_upper	PF	138	-0.044175	-0.111573	0.150000
PF_upper	PF	139	-0.040649	-0.112906	0.150000
PF_upper	PF	140	-0.037082	-0.114127	0.150000
PF_upper	PF	141	-0.033479	-0.115235	0.150000
PF_upper	PF	142	-0.029843	-0.116230	0.150000
PF_upper	PF	143	-0.026177	-0.117110	0.150000
PF_upper	PF	144	-0.022486	-0.117874	0.150000
PF_upper	PF	145	-0.018772	-0.118523	0.150000
PF_upper	PF	146	-0.015040	-0.119054	0.150000
PF_upper	PF	147	-0.011293	-0.119467	0.150000
PF_upper	PF	148	-0.007535	-0.119763	0.150000
PF_upper	PF	149	-0.003769	-0.119941	0.150000
PF_upper	PF	150	-0.000000	-0.120000	0.150000
PF_upper	PF	151	0.003769	-0.119941	0.150000
PF_upper	PF	152	0.007535	-0.119763	0.150000
PF_upper	PF	153	0.011293	-0.119467	0.150000
PF_upper	PF	154	0.015040	-0.119054	0.150000
PF_upper	PF	155	0.018772	-0.118523	0.150000
PF_upper	PF	156	0.022486	-0.117874	0.150000
PF_upper	PF	157	0.026177	-0.117110	0.150000
PF_upper	PF	158	0.029843	-0.116230	0.150000
PF_upper	PF	159	0.033479	-0.115235	0.150000
PF_upper	PF	160	0.037082	-0.114127	0.150000
PF_upper	PF	161	0.040649	-0.112906	0.150000
PF_upper	PF	162	0.044175	-0.111573	0.150000
PF_upper	PF	163	0.047658	-0.110131	0.150000
PF_upper	PF	164	0.051094	-0.108579	0.150000
PF_upper	PF	165	0.054479	-0.106921	0.150000
PF_upper	PF	166	0.057810	-0.105157	0.150000
PF_upper	PF	167	0.061085	-0.103289	0.150000
PF_upper	PF	168	0.064299	-0.101319	0.150000
PF_upper	PF	169	0.067450	-0.099250	0.150000
PF_upper	PF	170	0.070534	-0.097082	0.150000
PF_upper	PF	171	0.073549	-0.094819	0.150000
PF_upper	PF	172	0.076491	-0.092462	0.150000
PF_upper	PF	173	0.079357	-0.090013	0.150000
PF_upper	PF	174	0.082146	-0.087476	0.150000
PF_upper	PF	175	0.084853	-0.084853	0.150000
PF_upper	PF	176	0.087476	-0.082146	0.150000
PF_upper	PF	177	0.090013	-0.079357	0.150000
PF_upper	PF	178	0.092462	-0.076491	0.150000
PF_upper	PF	179	0.094819	-0.073549	0.150000
PF_upper	PF	180	0.097082	-0.070534	0.150000
PF_upper	PF	181	0.099250	-0.067450	0.150000
PF_upper	PF	182	0.101319	-0.064299	0.150000
PF_upper	PF	183	0.103289	-0.061085	0.150000
PF_upper	PF	184	0.105157	-0.057810	0.150000
PF_upper	PF	185	0.106921	-0.054479	0.150000
PF_upper	PF	186	0.108579	-0.051094	0.150000
PF_upper	PF	187	0.110131	-0.047658	0.150000
PF_upper	PF	188	0.111573	-0.044175	0.150000
PF_upper	PF	189	0.112906	-0.040649	0.150000
PF_upper	PF	190	0.114127	-0.037082	0.150000
PF_upper	PF	191	0.115235	-0.033479	0.150000
PF_upper	PF	192	0.116230	-0.029843	0.150000
PF_upper	PF	193	0.117110	-0.026177	0.150000
PF_upper	PF	194	0.117874	-0.022486	0.150000
PF_upper	PF	195	0.118523	-0.018772	0.150000
PF_upper	PF	196	0.119054	-0.015040	0.150000
PF_upper	PF	197	0.119467	-0.011293	0.150000
PF_upper	PF	198	0.119763	-0.007535	0.150000
PF_upper	PF	199	0.119941	-0.003769	0.150000
PF_upper	PF	200	0.120000	-0.000000	0.150000
PF_lower	PF	0	0.120000	0.000000	-0.150000
PF_lower	PF	1	0.119941	0.003769	-0.150000
PF_lower	PF	2	0.119763	0.007535	-0.150000
PF_lower	PF	3	0.119467	0.011293	-0.150000
PF_lower	PF	4	0.119054	0.015040	-0.150000
PF_lower	PF	5	0.118523	0.018772	-0.150000
PF_lower	PF	6	0.117874	0.022486	-0.150000
PF_lower	PF	7	0.117110	0.026177	-0.150000
PF_lower	PF	8	0.116230	0.029843	-0.150000
PF_lower	PF	9	0.115235	0.033479	-0.150000
PF_lower	PF	10	0.114127	0.037082	-0.150000
PF_lower	PF	11	0.112906	0.040649	-0.150000
PF_lower	PF	12	0.111573	0.044175	-0.150000
PF_lower	PF	13	0.110131	0.047658	-0.150000
PF_lower	PF	14	0.108579	0.051094	-0.150000
PF_lower	PF	15	0.106921	0.054479	-0.150000
PF_lower	PF	16	0.105157	0.057810	-0.150000
PF_lower	PF	17	0.103289	0.061085	-0.150000
PF_lower	PF	18	0.101319	0.064299	-0.150000
PF_lower	PF	19	0.099250	0.067450	-0.150000
PF_lower	PF	20	0.097082	0.070534	-0.150000
PF_lower	PF	21	0.094819	0.073549	-0.150000
PF_lower	PF	22	0.092462	0.076491	-0.150000
PF_lower	PF	23	0.090013	0.079357	-0.150000
PF_lower	PF	24	0.087476	0.082146	-0.150000
PF_lower	PF	25	0.084853	0.084853	-0.150000
PF_lower	PF	26	0.082146	0.087476	-0.150000
PF_lower	PF	27	0.079357	0.090013	-0.150000
PF_lower	PF	28	0.076491	0.092462	-0.150000
PF_lower	PF	29	0.073549	0.094819	-0.150000
PF_lower	PF	30	0.070534	0.097082	-0.150000
PF_lower	PF	31	0.067450	0.099250	-0.150000
PF_lower	PF	32	0.064299	0.101319	-0.150000
PF_lower	PF	33	0.061085	0.103289	-0.150000
PF_lower	PF	34	0.057810	0.105157	-0.150000
PF_lower	PF	35	0.054479	0.106921	-0.150000
PF_lower	PF	36	0.051094	0.108579	-0.150000
PF_lower	PF	37	0.047658	0.110131	-0.150000
PF_lower	PF	38	0.044175	0.111573	-0.150000
PF_lower	PF	39	0.040649	0.112906	-0.150000
PF_lower	PF	40	0.037082	0.114127	-0.150000
PF_lower	PF	41	0.033479	0.115235	-0.150000
PF_lower	PF	42	0.029843	0.116230	-0.150000
PF_lower	PF	43	0.026177	0.117110	-0.150000
PF_lower	PF	44	0.022486	0.117874	-0.150000
PF_lower	PF	45	0.018772	0.118523	-0.150000
PF_lower	PF	46	0.015040	0.119054	-0.150000
PF_lower	PF	47	0.011293	0.119467	-0.150000
PF_lower	PF	48	0.007535	0.119763	-0.150000
PF_lower	PF	49	0.003769	0.119941	-0.150000
PF_lower	PF	50	-0.000000	0.120000	-0.150000
PF_lower	PF	51	-0.003769	0.119941	-0.150000
PF_lower	PF	52	-0.007535	0.119763	-0.150000
PF_lower	PF	53	-0.011293	0.119467	-0.150000
PF_lower	PF	54	-0.015040	0.119054	-0.150000
PF_lower	PF	55	-0.018772	0.118523	-0.150000
PF_lower	PF	56	-0.022486	0.117874	-0.150000
PF_lower	PF	57	-0.026177	0.117110	-0.150000
PF_lower	PF	58	-0.029843	0.116230	-0.150000
PF_lower	PF	59	-0.033479	0.115235	-0.150000
PF_lower	PF	60	-0.037082	0.114127	-0.150000
PF_lower	PF	61	-0.040649	0.112906	-0.150000
PF_lower	PF	62	-0.044175	0.111573	-0.150000
PF_lower	PF	63	-0.047658	0.110131	-0.150000
PF_lower	PF	64	-0.051094	0.108579	-0.150000
PF_lower	PF	65	-0.054479	0.106921	-0.150000
PF_lower	PF	66	-0.057810	0.105157	-0.150000
PF_lower	PF	67	-0.061085	0.103289	-0.150000
PF_lower	PF	68	-0.064299	0.101319	-0.150000
PF_lower	PF	69	-0.067450	0.099250	-0.150000
PF_lower	PF	70	-0.070534	0.097082	-0.150000
PF_lower	PF	71	-0.073549	0.094819	-0.150000
PF_lower	PF	72	-0.076491	0.092462	-0.150000
PF_lower	PF	73	-0.079357	0.090013	-0.150000
PF_lower	PF	74	-0.082146	0.087476	-0.150000
PF_lower	PF	75	-0.084853	0.084853	-0.150000
PF_lower	PF	76	-0.087476	0.082146	-0.150000
PF_lower	PF	77	-0.090013	0.079357	-0.150000
PF_lower	PF	78	-0.092462	0.076491	-0.150000
PF_lower	PF	79	-0.094819	0.073549	-0.150000
PF_lower	PF	80	-0.097082	0.070534	-0.150000
PF_lower	PF	81	-0.099250	0.067450	-0.150000
PF_lower	PF	82	-0.101319	0.064299	-0.150000
PF_lower	PF	83	-0.103289	0.061085	-0.150000
PF_lower	PF	84	-0.105157	0.057810	-0.150000
PF_lower	PF	85	-0.106921	0.054479	-0.150000
PF_lower	PF	86	-0.108579	0.051094	-0.150000
PF_lower	PF	87	-0.110131	0.047658	-0.150000
PF_lower	PF	88	-0.111573	0.044175	-0.150000
PF_lower	PF	89	-0.112906	0.040649	-0.150000
PF_lower	PF	90	-0.114127	0.037082	-0.150000
PF_lower	PF	91	-0.115235	0.033479	-0.150000
PF_lower	PF	92	-0.116230	0.029843	-0.150000
PF_lower	PF	93	-0.117110	0.026177	-0.150000
PF_lower	PF	94	-0.117874	0.022486	-0.150000
PF_lower	PF	95	-0.118523	0.018772	-0.150000
PF_lower	PF	96	-0.119054	0.015040	-0.150000
PF_lower	PF	97	-0.119467	0.011293	-0.150000
PF_lower	PF	98	-0.119763	0.007535	-0.150000
PF_lower	PF	99	-0.119941	0.003769	-0.150000
PF_lower	PF	100	-0.120000	-0.000000	-0.150000
PF_lower	PF	101	-0.119941	-0.003769	-0.150000
PF_lower	PF	102	-0.119763	-0.007535	-0.150000
PF_lower	PF	103	-0.119467	-0.011293	-0.150000
PF_lower	PF	104	-0.119054	-0.015040	-0.150000
PF_lower	PF	105	-0.118523	-0.018772	-0.150000
PF_lower	PF	106	-0.117874	-0.022486	-0.150000
PF_lower	PF	107	-0.117110	-0.026177	-0.150000
PF_lower	PF	108	-0.116230	-0.029843	-0.150000
PF_lower	PF	109	-0.115235	-0.033479	-0.150000
PF_lower	PF	110	-0.114127	-0.037082	-0.150000
PF_lower	PF	111	-0.112906	-0.040649	-0.150000
PF_lower	PF	112	-0.111573	-0.044175	-0.150000
PF_lower	PF	113	-0.110131	-0.047658	-0.150000
PF_lower	PF	114	-0.108579	-0.051094	-0.150000
PF_lower	PF	115	-0.106921	-0.054479	-0.150000
PF_lower	PF	116	-0.105157	-0.057810	-0.150000
PF_lower	PF	117	-0.103289	-0.061085	-0.150000
PF_lower	PF	118	-0.101319	-0.064299	-0.150000
PF_lower	PF	119	-0.099250	-0.067450	-0.150000
PF_lower	PF	120	-0.097082	-0.070534	-0.150000
PF_lower	PF	121	-0.094819	-0.073549	-0.150000
PF_lower	PF	122	-0.092462	-0.076491	-0.150000
PF_lower	PF	123	-0.090013	-0.079357	-0.150000
PF_lower	PF	124	-0.087476	-0.082146	-0.150000
PF_lower	PF	125	-0.084853	-0.084853	-0.150000
PF_lower	PF	126	-0.082146	-0.087476	-0.150000
PF_lower	PF	127	-0.079357	-0.090013	-0.150000
PF_lower	PF	128	-0.076491	-0.092462	-0.150000
PF_lower	PF	129	-0.073549	-0.094819	-0.150000
PF_lower	PF	130	-0.070534	-0.097082	-0.150000
PF_lower	PF	131	-0.067450	-0.099250	-0.150000
PF_lower	PF	132	-0.064299	-0.101319	-0.150000
PF_lower	PF	133	-0.061085	-0.103289	-0.150000
PF_lower	PF	134	-0.057810	-0.105157	-0.150000
PF_lower	PF	135	-0.054479	-0.106921	-0.150000
PF_lower	PF	136	-0.051094	-0.108579	-0.150000
PF_lower	PF	137	-0.047658	-0.110131	-0.150000
PF_lower	PF	138	-0.044175	-0.111573	-0.150000
PF_lower	PF	139	-0.040649	-0.112906	-0.150000
PF_lower	PF	140	-0.037082	-0.114127	-0.150000
PF_lower	PF	141	-0.033479	-0.115235	-0.150000
PF_lower	PF	142	-0.029843	-0.116230	-0.150000
PF_lower	PF	143	-0.026177	-0.117110	-0.150000
PF_lower	PF	144	-0.022486	-0.117874	-0.150000
PF_lower	PF	145	-0.018772	-0.118523	-0.150000
PF_lower	PF	146	-0.015040	-0.119054	-0.150000
PF_lower	PF	147	-0.011293	-0.119467	-0.150000
PF_lower	PF	148	-0.007535	-0.119763	-0.150000
PF_lower	PF	149	-0.003769	-0.119941	-0.150000
PF_lower	PF	150	-0.000000	-0.120000	-0.150000
PF_lower	PF	151	0.003769	-0.119941	-0.150000
PF_lower	PF	152	0.007535	-0.119763	-0.150000
PF_lower	PF	153	0.011293	-0.119467	-0.150000
PF_lower	PF	154	0.015040	-0.119054	-0.150000
PF_lower	PF	155	0.018772	-0.118523	-0.150000
PF_lower	PF	156	0.022486	-0.117874	-0.150000
PF_lower	PF	157	0.026177	-0.117110	-0.150000
PF_lower	PF	158	0.029843	-0.116230	-0.150000
PF_lower	PF	159	0.033479	-0.115235	-0.150000
PF_lower	PF	160	0.037082	-0.114127	-0.150000
PF_lower	PF	161	0.040649	-0.112906	-0.150000
PF_lower	PF	162	0.044175	-0.111573	-0.150000
PF_lower	PF	163	0.047658	-0.110131	-0.150000
PF_lower	PF	164	0.051094	-0.108579	-0.150000
PF_lower	PF	165	0.054479	-0.106921	-0.150000
PF_lower	PF	166	0.057810	-0.105157	-0.150000
PF_lower	PF	167	0.061085	-0.103289	-0.150000
PF_lower	PF	168	0.064299	-0.101319	-0.150000
PF_lower	PF	169	0.067450	-0.099250	-0.150000
PF_lower	PF	170	0.070534	-0.097082	-0.150000
PF_lower	PF	171	0.073549	-0.094819	-0.150000
PF_lower	PF	172	0.076491	-0.092462	-0.150000
PF_lower	PF	173	0.079357	-0.090013	-0.150000
PF_lower	PF	174	0.082146	-0.087476	-0.150000
PF_lower	PF	175	0.084853	-0.084853	-0.150000
PF_lower	PF	176	0.087476	-0.082146	-0.150000
PF_lower	PF	177	0.090013	-0.079357	-0.150000
PF_lower	PF	178	0.092462	-0.076491	-0.150000
PF_lower	PF	179	0.094819	-0.073549	-0.150000
PF_lower	PF	180	0.097082	-0.070534	-0.150000
PF_lower	PF	181	0.099250	-0.067450	-0.150000
PF_lower	PF	182	0.101319	-0.064299	-0.150000
PF_lower	PF	183	0.103289	-0.061085	-0.150000
PF_lower	PF	184	0.105157	-0.057810	-0.150000
PF_lower	PF	185	0.106921	-0.054479	-0.150000
PF_lower	PF	186	0.108579	-0.051094	-0.150000
PF_lower	PF	187	0.110131	-0.047658	-0.150000
PF_lower	PF	188	0.111573	-0.044175	-0.150000
PF_lower	PF	189	0.112906	-0.040649	-0.150000
PF_lower	PF	190	0.114127	-0.037082	-0.150000
PF_lower	PF	191	0.115235	-0.033479	-0.150000
PF_lower	PF	192	0.116230	-0.029843	-0.150000
PF_lower	PF	193	0.117110	-0.026177	-0.150000
PF_lower	PF	194	0.117874	-0.022486	-0.150000
PF_lower	PF	195	0.118523	-0.018772	-0.150000
PF_lower	PF	196	0.119054	-0.015040	-0.150000
PF_lower	PF	197	0.119467	-0.011293	-0.150000
PF_lower	PF	198	0.119763	-0.007535	-0.150000
PF_lower	PF	199	0.119941	-0.003769	-0.150000
PF_lower	PF	200	0.120000	-0.000000	-0.150000
